attribute_id,name,Stock ID,Stock code
Bagues FRANCE,FR 47,Bagues FRANCE_FR 47,47
Bagues FRANCE,FR 48,Bagues FRANCE_FR 48,48
Bagues FRANCE,FR 49,Bagues FRANCE_FR 49,49
Bagues FRANCE,FR 50,Bagues FRANCE_FR 50,50
Bagues FRANCE,FR 51,Bagues FRANCE_FR 51,51
Bagues FRANCE,FR 52,Bagues FRANCE_FR 52,52
Bagues FRANCE,FR 53,Bagues FRANCE_FR 53,53
Bagues FRANCE,FR 54,Bagues FRANCE_FR 54,54
Bagues FRANCE,FR 55,Bagues FRANCE_FR 55,55
Bagues FRANCE,FR 56,Bagues FRANCE_FR 56,56
Bagues FRANCE,FR 57,Bagues FRANCE_FR 57,57
Bagues FRANCE,FR 58,Bagues FRANCE_FR 58,58
Bagues FRANCE,FR 59,Bagues FRANCE_FR 59,59
Bagues FRANCE,FR 60,Bagues FRANCE_FR 60,60
Bagues FRANCE,FR 61,Bagues FRANCE_FR 61,61
Bagues FRANCE,FR 62,Bagues FRANCE_FR 62,62
Bagues FRANCE,FR 63,Bagues FRANCE_FR 63,63
Bagues FRANCE,FR 64,Bagues FRANCE_FR 64,64
Bagues FRANCE,FR 65,Bagues FRANCE_FR 65,65
Bagues FRANCE,FR 66,Bagues FRANCE_FR 66,66
Bagues FRANCE,FR 67,Bagues FRANCE_FR 67,67
Bagues FRANCE,FR 68,Bagues FRANCE_FR 68,68
Bagues FRANCE,FR 69,Bagues FRANCE_FR 69,69
Bagues FRANCE,FR 70,Bagues FRANCE_FR 70,70
Bagues FRANCE,FR 71,Bagues FRANCE_FR 71,71
Bagues FRANCE,FR 72,Bagues FRANCE_FR 72,72
Bagues FRANCE,FR 73,Bagues FRANCE_FR 73,73
Bagues ITALIE,IT 10,Bagues ITALIE_IT 10,10
Bagues ITALIE,IT 11,Bagues ITALIE_IT 11,11
Bagues ITALIE,IT 12,Bagues ITALIE_IT 12,12
Bagues ITALIE,IT 13,Bagues ITALIE_IT 13,13
Bagues ITALIE,IT 14,Bagues ITALIE_IT 14,14
Bagues ITALIE,IT 15,Bagues ITALIE_IT 15,15
Bagues ITALIE,IT 16,Bagues ITALIE_IT 16,16
Bagues ITALIE,IT 17,Bagues ITALIE_IT 17,17
Bagues ITALIE,IT 18,Bagues ITALIE_IT 18,18
Bagues ITALIE,IT 19,Bagues ITALIE_IT 19,19
Bagues ITALIE,IT 20,Bagues ITALIE_IT 20,20
Bagues ITALIE,IT 21,Bagues ITALIE_IT 21,21
Bagues ITALIE,IT 22,Bagues ITALIE_IT 22,22
Bagues ITALIE,IT 23,Bagues ITALIE_IT 23,23
Bagues ITALIE,IT 24,Bagues ITALIE_IT 24,24
Bagues ITALIE,IT 25,Bagues ITALIE_IT 25,25
Bagues ITALIE,IT 26,Bagues ITALIE_IT 26,26
Bagues ITALIE,IT 27,Bagues ITALIE_IT 27,27
Bagues ITALIE,IT 28,Bagues ITALIE_IT 28,28
Bagues ITALIE,IT 29,Bagues ITALIE_IT 29,29
Bagues ITALIE,IT 30,Bagues ITALIE_IT 30,30
Bagues ITALIE,IT 31,Bagues ITALIE_IT 31,31
Bagues ITALIE,IT 32,Bagues ITALIE_IT 32,32
Bagues ITALIE,IT 33,Bagues ITALIE_IT 33,33
Bagues ITALIE,IT 7,Bagues ITALIE_IT 7,7
Bagues ITALIE,IT 8,Bagues ITALIE_IT 8,8
Bagues ITALIE,IT 9,Bagues ITALIE_IT 9,9
Bagues STANDARD,L,Bagues STANDARD_L,L
Bagues STANDARD,M,Bagues STANDARD_M,M
Bagues STANDARD,S,Bagues STANDARD_S,S
Bagues STANDARD,XL,Bagues STANDARD_XL,XL
Bagues STANDARD,XS,Bagues STANDARD_XS,XS
Bagues STANDARD,XXL,Bagues STANDARD_XXL,XX
Bagues STANDARD,XXS,Bagues STANDARD_XXS,XXS
Bagues STANDARD,XXXL,Bagues STANDARD_XXXL,XXX
Bagues STANDARD,XXXXL,Bagues STANDARD_XXXXL,XXXX
Bagues STANDARD,XXXXXL,Bagues STANDARD_XXXXXL,XXXXX
Bagues ROYAUME-UNI,UK I,Bagues ROYAUME-UNI_UK I,I
Bagues ROYAUME-UNI,UK P,Bagues ROYAUME-UNI_UK P,P
Bagues ROYAUME-UNI,UK Q,Bagues ROYAUME-UNI_UK Q,Q
Bagues ROYAUME-UNI,UK R,Bagues ROYAUME-UNI_UK R,R
Bagues ROYAUME-UNI,UK R½,Bagues ROYAUME-UNI_UK R½,
Bagues ROYAUME-UNI,UK S½,Bagues ROYAUME-UNI_UK S½,
Bagues ROYAUME-UNI,UK S¾,Bagues ROYAUME-UNI_UK S¾,
Bagues ROYAUME-UNI,UK T½,Bagues ROYAUME-UNI_UK T½,
Bagues ROYAUME-UNI,UK U½,Bagues ROYAUME-UNI_UK U½,
Bagues ROYAUME-UNI,UK V,Bagues ROYAUME-UNI_UK V,V
Bagues ROYAUME-UNI,UK V½,Bagues ROYAUME-UNI_UK V½,
Bagues ROYAUME-UNI,UK I½,Bagues ROYAUME-UNI_UK I½,
Bagues ROYAUME-UNI,UK W½,Bagues ROYAUME-UNI_UK W½,
Bagues ROYAUME-UNI,UK Y,Bagues ROYAUME-UNI_UK Y,Y
Bagues ROYAUME-UNI,UK Z,Bagues ROYAUME-UNI_UK Z,Z
Bagues ROYAUME-UNI,UK Z½,Bagues ROYAUME-UNI_UK Z½,
Bagues ROYAUME-UNI,UK Z1,Bagues ROYAUME-UNI_UK Z1,Z1
Bagues ROYAUME-UNI,UK Z2,Bagues ROYAUME-UNI_UK Z2,Z2
Bagues ROYAUME-UNI,UK J½,Bagues ROYAUME-UNI_UK J½,
Bagues ROYAUME-UNI,UK K,Bagues ROYAUME-UNI_UK K,K
Bagues ROYAUME-UNI,UK L,Bagues ROYAUME-UNI_UK L,L
Bagues ROYAUME-UNI,UK L½,Bagues ROYAUME-UNI_UK L½,
Bagues ROYAUME-UNI,UK M½,Bagues ROYAUME-UNI_UK M½,
Bagues ROYAUME-UNI,UK N,Bagues ROYAUME-UNI_UK N,N
Bagues ROYAUME-UNI,UK O½,Bagues ROYAUME-UNI_UK O½,
Bagues ÉTATS-UNIS,US 4¼,Bagues ÉTATS-UNIS_US 4¼,
Bagues ÉTATS-UNIS,US 7½,Bagues ÉTATS-UNIS_US 7½,
Bagues ÉTATS-UNIS,US 8,Bagues ÉTATS-UNIS_US 8,8
Bagues ÉTATS-UNIS,US 8½,Bagues ÉTATS-UNIS_US 8½,
Bagues ÉTATS-UNIS,US 8¾,Bagues ÉTATS-UNIS_US 8¾,
Bagues ÉTATS-UNIS,US 9¼,Bagues ÉTATS-UNIS_US 9¼,
Bagues ÉTATS-UNIS,US 9½,Bagues ÉTATS-UNIS_US 9½,
Bagues ÉTATS-UNIS,US 10,Bagues ÉTATS-UNIS_US 10,10
Bagues ÉTATS-UNIS,US 10½,Bagues ÉTATS-UNIS_US 10½,
Bagues ÉTATS-UNIS,US 10¾,Bagues ÉTATS-UNIS_US 10¾,
Bagues ÉTATS-UNIS,US 11,Bagues ÉTATS-UNIS_US 11,11
Bagues ÉTATS-UNIS,US 4½,Bagues ÉTATS-UNIS_US 4½,
Bagues ÉTATS-UNIS,US 11½,Bagues ÉTATS-UNIS_US 11½,
Bagues ÉTATS-UNIS,US 11¾,Bagues ÉTATS-UNIS_US 11¾,
Bagues ÉTATS-UNIS,US 12¼,Bagues ÉTATS-UNIS_US 12¼,
Bagues ÉTATS-UNIS,US 12½,Bagues ÉTATS-UNIS_US 12½,
Bagues ÉTATS-UNIS,US 13,Bagues ÉTATS-UNIS_US 13,13
Bagues ÉTATS-UNIS,US 13½,Bagues ÉTATS-UNIS_US 13½,
Bagues ÉTATS-UNIS,US 14,Bagues ÉTATS-UNIS_US 14,14
Bagues ÉTATS-UNIS,US 14¼,Bagues ÉTATS-UNIS_US 14¼,
Bagues ÉTATS-UNIS,US 5,Bagues ÉTATS-UNIS_US 5,5
Bagues ÉTATS-UNIS,US 5¼,Bagues ÉTATS-UNIS_US 5¼,
Bagues ÉTATS-UNIS,US 5¾,Bagues ÉTATS-UNIS_US 5¾,
Bagues ÉTATS-UNIS,US 6,Bagues ÉTATS-UNIS_US 6,6
Bagues ÉTATS-UNIS,US 6½,Bagues ÉTATS-UNIS_US 6½,
Bagues ÉTATS-UNIS,US 6¾,Bagues ÉTATS-UNIS_US 6¾,
Bagues ÉTATS-UNIS,US 7¼,Bagues ÉTATS-UNIS_US 7¼,
Bracelets STANDARD,L,Bracelets STANDARD_L,L
Bracelets STANDARD,M,Bracelets STANDARD_M,M
Bracelets STANDARD,S,Bracelets STANDARD_S,S
Bracelets STANDARD,XS,Bracelets STANDARD_XS,XS
Ceintures CM,100,Ceintures CM_100,100
Ceintures CM,105,Ceintures CM_105,105
Ceintures CM,110,Ceintures CM_110,110
Ceintures CM,115,Ceintures CM_115,115
Ceintures CM,120,Ceintures CM_120,120
Ceintures CM,65,Ceintures CM_65,65
Ceintures CM,70,Ceintures CM_70,70
Ceintures CM,75,Ceintures CM_75,75
Ceintures CM,80,Ceintures CM_80,80
Ceintures CM,85,Ceintures CM_85,85
Ceintures CM,90,Ceintures CM_90,90
Ceintures CM,95,Ceintures CM_95,95
Ceintures POUCES,22/23,Ceintures POUCES_22/23,22
Ceintures POUCES,24/25,Ceintures POUCES_24/25,24
Ceintures POUCES,26/27,Ceintures POUCES_26/27,26
Ceintures POUCES,28/29,Ceintures POUCES_28/29,28
Ceintures POUCES,30/31,Ceintures POUCES_30/31,30
Ceintures POUCES,32/33,Ceintures POUCES_32/33,32
Ceintures POUCES,34/35,Ceintures POUCES_34/35,34
Ceintures POUCES,36/37,Ceintures POUCES_36/37,36
Ceintures POUCES,38/39,Ceintures POUCES_38/39,38
Ceintures POUCES,40/41,Ceintures POUCES_40/41,40
Ceintures POUCES,42/43,Ceintures POUCES_42/43,42
Ceintures STANDARD,L,Ceintures STANDARD_L,L
Ceintures STANDARD,M,Ceintures STANDARD_M,M
Ceintures STANDARD,S,Ceintures STANDARD_S,S
Ceintures STANDARD,XL,Ceintures STANDARD_XL,XL
Ceintures STANDARD,XS,Ceintures STANDARD_XS,XS
Ceintures STANDARD,XXL,Ceintures STANDARD_XXL,XX
Ceintures STANDARD,XXS,Ceintures STANDARD_XXS,XXS
Ceintures STANDARD,XXXL,Ceintures STANDARD_XXXL,XXX
Ceintures STANDARD,XXXS,Ceintures STANDARD_XXXS,XXXS
Ceintures STANDARD,XXXXL,Ceintures STANDARD_XXXXL,XXXX
Chapeaux EUROPE,52,Chapeaux EUROPE_52,52
Chapeaux EUROPE,53,Chapeaux EUROPE_53,53
Chapeaux EUROPE,54,Chapeaux EUROPE_54,54
Chapeaux EUROPE,55,Chapeaux EUROPE_55,55
Chapeaux EUROPE,56,Chapeaux EUROPE_56,56
Chapeaux EUROPE,57,Chapeaux EUROPE_57,57
Chapeaux EUROPE,58,Chapeaux EUROPE_58,58
Chapeaux EUROPE,59,Chapeaux EUROPE_59,59
Chapeaux EUROPE,60,Chapeaux EUROPE_60,60
Chapeaux EUROPE,61,Chapeaux EUROPE_61,61
Chapeaux EUROPE,62,Chapeaux EUROPE_62,62
Chapeaux EUROPE,63,Chapeaux EUROPE_63,63
Chapeaux EUROPE,64,Chapeaux EUROPE_64,64
Chapeaux STANDARD,L,Chapeaux STANDARD_L,L
Chapeaux STANDARD,M,Chapeaux STANDARD_M,M
Chapeaux STANDARD Numérique,0,Chapeaux STANDARD Numérique_0,0
Chapeaux STANDARD Numérique,00,Chapeaux STANDARD Numérique_00,00
Chapeaux STANDARD Numérique,000,Chapeaux STANDARD Numérique_000,000
Chapeaux STANDARD Numérique,1/I,Chapeaux STANDARD Numérique_1/I,1
Chapeaux STANDARD Numérique,10/X,Chapeaux STANDARD Numérique_10/X,10
Chapeaux STANDARD Numérique,2/II,Chapeaux STANDARD Numérique_2/II,2
Chapeaux STANDARD Numérique,3/III,Chapeaux STANDARD Numérique_3/III,3
Chapeaux STANDARD Numérique,4/IV,Chapeaux STANDARD Numérique_4/IV,4
Chapeaux STANDARD Numérique,5/V,Chapeaux STANDARD Numérique_5/V,5
Chapeaux STANDARD Numérique,6/VI,Chapeaux STANDARD Numérique_6/VI,6
Chapeaux STANDARD Numérique,7/VII,Chapeaux STANDARD Numérique_7/VII,7
Chapeaux STANDARD Numérique,8/VIII,Chapeaux STANDARD Numérique_8/VIII,8
Chapeaux STANDARD Numérique,9/IX,Chapeaux STANDARD Numérique_9/IX,9
Chapeaux STANDARD,S,Chapeaux STANDARD_S,S
Chapeaux STANDARD,XL,Chapeaux STANDARD_XL,XL
Chapeaux STANDARD,XS,Chapeaux STANDARD_XS,XS
Chapeaux STANDARD,XXL,Chapeaux STANDARD_XXL,XX
Chapeaux STANDARD,XXS,Chapeaux STANDARD_XXS,XXS
Chapeaux ROYAUME-UNI,6⅜,Chapeaux ROYAUME-UNI_6⅜,
Chapeaux ROYAUME-UNI,7½,Chapeaux ROYAUME-UNI_7½,
Chapeaux ROYAUME-UNI,7⅝,Chapeaux ROYAUME-UNI_7⅝,
Chapeaux ROYAUME-UNI,7¾,Chapeaux ROYAUME-UNI_7¾,
Chapeaux ROYAUME-UNI,7⅞,Chapeaux ROYAUME-UNI_7⅞,
Chapeaux ROYAUME-UNI,6½,Chapeaux ROYAUME-UNI_6½,
Chapeaux ROYAUME-UNI,6⅝,Chapeaux ROYAUME-UNI_6⅝,
Chapeaux ROYAUME-UNI,6¾,Chapeaux ROYAUME-UNI_6¾,
Chapeaux ROYAUME-UNI,6⅞,Chapeaux ROYAUME-UNI_6⅞,
Chapeaux ROYAUME-UNI,7,Chapeaux ROYAUME-UNI_7,7
Chapeaux ROYAUME-UNI,7⅛,Chapeaux ROYAUME-UNI_7⅛,
Chapeaux ROYAUME-UNI,7¼,Chapeaux ROYAUME-UNI_7¼,
Chapeaux ROYAUME-UNI,7⅜,Chapeaux ROYAUME-UNI_7⅜,
Chapeaux ÉTATS-UNIS,6½,Chapeaux ÉTATS-UNIS_6½,
Chapeaux ÉTATS-UNIS,7⅝,Chapeaux ÉTATS-UNIS_7⅝,
Chapeaux ÉTATS-UNIS,7¾,Chapeaux ÉTATS-UNIS_7¾,
Chapeaux ÉTATS-UNIS,7⅞,Chapeaux ÉTATS-UNIS_7⅞,
Chapeaux ÉTATS-UNIS,8,Chapeaux ÉTATS-UNIS_8,8
Chapeaux ÉTATS-UNIS,6⅝,Chapeaux ÉTATS-UNIS_6⅝,
Chapeaux ÉTATS-UNIS,6¾,Chapeaux ÉTATS-UNIS_6¾,
Chapeaux ÉTATS-UNIS,6⅞,Chapeaux ÉTATS-UNIS_6⅞,
Chapeaux ÉTATS-UNIS,7,Chapeaux ÉTATS-UNIS_7,7
Chapeaux ÉTATS-UNIS,7⅛,Chapeaux ÉTATS-UNIS_7⅛,
Chapeaux ÉTATS-UNIS,7¼,Chapeaux ÉTATS-UNIS_7¼,
Chapeaux ÉTATS-UNIS,7⅜,Chapeaux ÉTATS-UNIS_7⅜,
Chapeaux ÉTATS-UNIS,7½,Chapeaux ÉTATS-UNIS_7½,
Chaussures BRÉSIL,BR 33,Chaussures BRÉSIL_BR 33,33
Chaussures BRÉSIL,"BR 33,5","Chaussures BRÉSIL_BR 33,5",335
Chaussures BRÉSIL,BR 34,Chaussures BRÉSIL_BR 34,34
Chaussures BRÉSIL,"BR 34,5","Chaussures BRÉSIL_BR 34,5",345
Chaussures BRÉSIL,BR 35,Chaussures BRÉSIL_BR 35,35
Chaussures BRÉSIL,"BR 35,5","Chaussures BRÉSIL_BR 35,5",355
Chaussures BRÉSIL,BR 36,Chaussures BRÉSIL_BR 36,36
Chaussures BRÉSIL,"BR 36,5","Chaussures BRÉSIL_BR 36,5",365
Chaussures BRÉSIL,BR 37,Chaussures BRÉSIL_BR 37,37
Chaussures BRÉSIL,"BR 37,5","Chaussures BRÉSIL_BR 37,5",375
Chaussures BRÉSIL,BR 38,Chaussures BRÉSIL_BR 38,38
Chaussures BRÉSIL,"BR 38,5","Chaussures BRÉSIL_BR 38,5",385
Chaussures BRÉSIL,BR 39,Chaussures BRÉSIL_BR 39,39
Chaussures BRÉSIL,"BR 39,5","Chaussures BRÉSIL_BR 39,5",395
Chaussures BRÉSIL,BR 40,Chaussures BRÉSIL_BR 40,40
Chaussures BRÉSIL,"BR 40,5","Chaussures BRÉSIL_BR 40,5",405
Chaussures BRÉSIL,BR 41,Chaussures BRÉSIL_BR 41,41
Chaussures BRÉSIL,"BR 41,5","Chaussures BRÉSIL_BR 41,5",415
Chaussures BRÉSIL,BR 42,Chaussures BRÉSIL_BR 42,42
Chaussures BRÉSIL,"BR 42,5","Chaussures BRÉSIL_BR 42,5",425
Chaussures BRÉSIL,BR 43,Chaussures BRÉSIL_BR 43,43
Chaussures BRÉSIL,"BR 43,5","Chaussures BRÉSIL_BR 43,5",435
Chaussures BRÉSIL,BR 44,Chaussures BRÉSIL_BR 44,44
Chaussures BRÉSIL,"BR 44,5","Chaussures BRÉSIL_BR 44,5",445
Chaussures BRÉSIL,BR 45,Chaussures BRÉSIL_BR 45,45
Chaussures CHINE,CHN 34,Chaussures CHINE_CHN 34,34
Chaussures CHINE,"CHN 34,5","Chaussures CHINE_CHN 34,5",345
Chaussures CHINE,CHN 35,Chaussures CHINE_CHN 35,35
Chaussures CHINE,"CHN 35,5","Chaussures CHINE_CHN 35,5",355
Chaussures CHINE,CHN 36,Chaussures CHINE_CHN 36,36
Chaussures CHINE,"CHN 36,5","Chaussures CHINE_CHN 36,5",365
Chaussures CHINE,CHN 37,Chaussures CHINE_CHN 37,37
Chaussures CHINE,"CHN 37,5","Chaussures CHINE_CHN 37,5",375
Chaussures CHINE,CHN 38,Chaussures CHINE_CHN 38,38
Chaussures CHINE,"CHN 38,5","Chaussures CHINE_CHN 38,5",385
Chaussures CHINE,CHN 39,Chaussures CHINE_CHN 39,39
Chaussures CHINE,"CHN 39,5","Chaussures CHINE_CHN 39,5",395
Chaussures CHINE,CHN 40,Chaussures CHINE_CHN 40,40
Chaussures CHINE,"CHN 40,5","Chaussures CHINE_CHN 40,5",405
Chaussures CHINE,CHN 41,Chaussures CHINE_CHN 41,41
Chaussures CHINE,"CHN 41,5","Chaussures CHINE_CHN 41,5",415
Chaussures CHINE,CHN 42,Chaussures CHINE_CHN 42,42
Chaussures CHINE,"CHN 42,5","Chaussures CHINE_CHN 42,5",425
Chaussures CHINE,CHN 43,Chaussures CHINE_CHN 43,43
Chaussures CHINE,"CHN 43,5","Chaussures CHINE_CHN 43,5",435
Chaussures CHINE,CHN 44,Chaussures CHINE_CHN 44,44
Chaussures CHINE,"CHN 44,5","Chaussures CHINE_CHN 44,5",445
Chaussures CHINE,CHN 45,Chaussures CHINE_CHN 45,45
Chaussures CHINE,"CHN 45,5","Chaussures CHINE_CHN 45,5",455
Chaussures CHINE,CHN 46,Chaussures CHINE_CHN 46,46
Chaussures EUROPE,UE 37,Chaussures EUROPE_UE 37,37
Chaussures EUROPE,"UE 37,5","Chaussures EUROPE_UE 37,5",375
Chaussures EUROPE,UE 38,Chaussures EUROPE_UE 38,38
Chaussures EUROPE,"UE 38,5","Chaussures EUROPE_UE 38,5",385
Chaussures EUROPE,UE 39,Chaussures EUROPE_UE 39,39
Chaussures EUROPE,"UE 39,5","Chaussures EUROPE_UE 39,5",395
Chaussures EUROPE,UE 40,Chaussures EUROPE_UE 40,40
Chaussures EUROPE,"UE 40,5","Chaussures EUROPE_UE 40,5",405
Chaussures EUROPE,UE 41,Chaussures EUROPE_UE 41,41
Chaussures EUROPE,"UE 41,5","Chaussures EUROPE_UE 41,5",415
Chaussures EUROPE,UE 42,Chaussures EUROPE_UE 42,42
Chaussures EUROPE,"UE 42,5","Chaussures EUROPE_UE 42,5",425
Chaussures EUROPE,UE 43,Chaussures EUROPE_UE 43,43
Chaussures EUROPE,"UE 43,5","Chaussures EUROPE_UE 43,5",435
Chaussures EUROPE,UE 44,Chaussures EUROPE_UE 44,44
Chaussures EUROPE,"UE 44,5","Chaussures EUROPE_UE 44,5",445
Chaussures EUROPE,UE 45,Chaussures EUROPE_UE 45,45
Chaussures EUROPE,"UE 45,5","Chaussures EUROPE_UE 45,5",455
Chaussures EUROPE,UE 46,Chaussures EUROPE_UE 46,46
Chaussures EUROPE,"UE 46,5","Chaussures EUROPE_UE 46,5",465
Chaussures EUROPE,UE 47,Chaussures EUROPE_UE 47,47
Chaussures FRANCE,FR 35,Chaussures FRANCE_FR 35,35
Chaussures FRANCE,"FR 35,5","Chaussures FRANCE_FR 35,5",355
Chaussures FRANCE,FR 36,Chaussures FRANCE_FR 36,36
Chaussures FRANCE,"FR 36,5","Chaussures FRANCE_FR 36,5",365
Chaussures FRANCE,FR 37,Chaussures FRANCE_FR 37,37
Chaussures FRANCE,"FR 37,5","Chaussures FRANCE_FR 37,5",375
Chaussures FRANCE,FR 38,Chaussures FRANCE_FR 38,38
Chaussures FRANCE,"FR 38,5","Chaussures FRANCE_FR 38,5",385
Chaussures FRANCE,FR 39,Chaussures FRANCE_FR 39,39
Chaussures FRANCE,"FR 39,5","Chaussures FRANCE_FR 39,5",395
Chaussures FRANCE,FR 40,Chaussures FRANCE_FR 40,40
Chaussures FRANCE,"FR 40,5","Chaussures FRANCE_FR 40,5",405
Chaussures FRANCE,FR 41,Chaussures FRANCE_FR 41,41
Chaussures FRANCE,"FR 41,5","Chaussures FRANCE_FR 41,5",415
Chaussures FRANCE,FR 42,Chaussures FRANCE_FR 42,42
Chaussures FRANCE,"FR 42,5","Chaussures FRANCE_FR 42,5",425
Chaussures FRANCE,FR 43,Chaussures FRANCE_FR 43,43
Chaussures FRANCE,"FR 43,5","Chaussures FRANCE_FR 43,5",435
Chaussures FRANCE,FR 44,Chaussures FRANCE_FR 44,44
Chaussures FRANCE,"FR 44,5","Chaussures FRANCE_FR 44,5",445
Chaussures FRANCE,FR 45,Chaussures FRANCE_FR 45,45
Chaussures FRANCE,"FR 45,5","Chaussures FRANCE_FR 45,5",455
Chaussures FRANCE,FR 46,Chaussures FRANCE_FR 46,46
Chaussures FRANCE,"FR 46,5","Chaussures FRANCE_FR 46,5",465
Chaussures FRANCE,FR 47,Chaussures FRANCE_FR 47,47
Chaussures ITALIE,IT 34,Chaussures ITALIE_IT 34,34
Chaussures ITALIE,"IT 34,5","Chaussures ITALIE_IT 34,5",345
Chaussures ITALIE,IT 35,Chaussures ITALIE_IT 35,35
Chaussures ITALIE,"IT 35,5","Chaussures ITALIE_IT 35,5",355
Chaussures ITALIE,IT 36,Chaussures ITALIE_IT 36,36
Chaussures ITALIE,"IT 36,5","Chaussures ITALIE_IT 36,5",365
Chaussures ITALIE,IT 37,Chaussures ITALIE_IT 37,37
Chaussures ITALIE,"IT 37,5","Chaussures ITALIE_IT 37,5",375
Chaussures ITALIE,IT 38,Chaussures ITALIE_IT 38,38
Chaussures ITALIE,"IT 38,5","Chaussures ITALIE_IT 38,5",385
Chaussures ITALIE,IT 39,Chaussures ITALIE_IT 39,39
Chaussures ITALIE,"IT 39,5","Chaussures ITALIE_IT 39,5",395
Chaussures ITALIE,IT 40,Chaussures ITALIE_IT 40,40
Chaussures ITALIE,"IT 40,5","Chaussures ITALIE_IT 40,5",405
Chaussures ITALIE,IT 41,Chaussures ITALIE_IT 41,41
Chaussures ITALIE,"IT 41,5","Chaussures ITALIE_IT 41,5",415
Chaussures ITALIE,IT 42,Chaussures ITALIE_IT 42,42
Chaussures ITALIE,"IT 42,5","Chaussures ITALIE_IT 42,5",425
Chaussures ITALIE,IT 43,Chaussures ITALIE_IT 43,43
Chaussures ITALIE,"IT 43,5","Chaussures ITALIE_IT 43,5",435
Chaussures ITALIE,IT 44,Chaussures ITALIE_IT 44,44
Chaussures ITALIE,"IT 44,5","Chaussures ITALIE_IT 44,5",445
Chaussures ITALIE,IT 45,Chaussures ITALIE_IT 45,45
Chaussures ITALIE,"IT 45,5","Chaussures ITALIE_IT 45,5",455
Chaussures ITALIE,IT 46,Chaussures ITALIE_IT 46,46
Chaussures ITALIE,"IT 46,5","Chaussures ITALIE_IT 46,5",465
Chaussures ITALIE,IT 47,Chaussures ITALIE_IT 47,47
Chaussures JAPON,"JP 20,5","Chaussures JAPON_JP 20,5",205
Chaussures JAPON,JP 21,Chaussures JAPON_JP 21,21
Chaussures JAPON,"JP 21,5","Chaussures JAPON_JP 21,5",215
Chaussures JAPON,JP 22,Chaussures JAPON_JP 22,22
Chaussures JAPON,"JP 22,5","Chaussures JAPON_JP 22,5",225
Chaussures JAPON,JP 23,Chaussures JAPON_JP 23,23
Chaussures JAPON,"JP 23,5","Chaussures JAPON_JP 23,5",235
Chaussures JAPON,JP 24,Chaussures JAPON_JP 24,24
Chaussures JAPON,"JP 24,5","Chaussures JAPON_JP 24,5",245
Chaussures JAPON,JP 25,Chaussures JAPON_JP 25,25
Chaussures JAPON,"JP 25,5","Chaussures JAPON_JP 25,5",255
Chaussures JAPON,JP 26,Chaussures JAPON_JP 26,26
Chaussures JAPON,"JP 26,5","Chaussures JAPON_JP 26,5",265
Chaussures JAPON,JP 27,Chaussures JAPON_JP 27,27
Chaussures JAPON,"JP 27,5","Chaussures JAPON_JP 27,5",275
Chaussures JAPON,JP 28,Chaussures JAPON_JP 28,28
Chaussures JAPON,"JP 28,5","Chaussures JAPON_JP 28,5",285
Chaussures JAPON,JP 29,Chaussures JAPON_JP 29,29
Chaussures JAPON,"JP 29,5","Chaussures JAPON_JP 29,5",295
Chaussures JAPON,JP 30,Chaussures JAPON_JP 30,30
Chaussures JAPON,"JP 30,5","Chaussures JAPON_JP 30,5",305
Chaussures JAPON,JP 31,Chaussures JAPON_JP 31,31
Chaussures JAPON,"JP 31,5","Chaussures JAPON_JP 31,5",315
Chaussures JAPON,JP 32,Chaussures JAPON_JP 32,32
Chaussures JAPON,"JP 32,5","Chaussures JAPON_JP 32,5",325
Chaussures JAPON,JP 33,Chaussures JAPON_JP 33,33
Chaussures ROYAUME-UNI,UK 1,Chaussures ROYAUME-UNI_UK 1,1
Chaussures ROYAUME-UNI,UK 10,Chaussures ROYAUME-UNI_UK 10,10
Chaussures ROYAUME-UNI,"UK 10,5","Chaussures ROYAUME-UNI_UK 10,5",105
Chaussures ROYAUME-UNI,UK 11,Chaussures ROYAUME-UNI_UK 11,11
Chaussures ROYAUME-UNI,"UK 11,5","Chaussures ROYAUME-UNI_UK 11,5",115
Chaussures ROYAUME-UNI,UK 12,Chaussures ROYAUME-UNI_UK 12,12
Chaussures ROYAUME-UNI,"UK 12,5","Chaussures ROYAUME-UNI_UK 12,5",125
Chaussures ROYAUME-UNI,UK 13,Chaussures ROYAUME-UNI_UK 13,13
Chaussures ROYAUME-UNI,"UK 1,5","Chaussures ROYAUME-UNI_UK 1,5",15
Chaussures ROYAUME-UNI,UK 2,Chaussures ROYAUME-UNI_UK 2,2
Chaussures ROYAUME-UNI,"UK 2,5","Chaussures ROYAUME-UNI_UK 2,5",25
Chaussures ROYAUME-UNI,UK 3,Chaussures ROYAUME-UNI_UK 3,3
Chaussures ROYAUME-UNI,"UK 3,5","Chaussures ROYAUME-UNI_UK 3,5",35
Chaussures ROYAUME-UNI,UK 4,Chaussures ROYAUME-UNI_UK 4,4
Chaussures ROYAUME-UNI,"UK 4,5","Chaussures ROYAUME-UNI_UK 4,5",45
Chaussures ROYAUME-UNI,UK 5,Chaussures ROYAUME-UNI_UK 5,5
Chaussures ROYAUME-UNI,"UK 5,5","Chaussures ROYAUME-UNI_UK 5,5",55
Chaussures ROYAUME-UNI,UK 6,Chaussures ROYAUME-UNI_UK 6,6
Chaussures ROYAUME-UNI,"UK 6,5","Chaussures ROYAUME-UNI_UK 6,5",65
Chaussures ROYAUME-UNI,UK 7,Chaussures ROYAUME-UNI_UK 7,7
Chaussures ROYAUME-UNI,"UK 7,5","Chaussures ROYAUME-UNI_UK 7,5",75
Chaussures ROYAUME-UNI,UK 8,Chaussures ROYAUME-UNI_UK 8,8
Chaussures ROYAUME-UNI,"UK 8,5","Chaussures ROYAUME-UNI_UK 8,5",85
Chaussures ROYAUME-UNI,UK 9,Chaussures ROYAUME-UNI_UK 9,9
Chaussures ROYAUME-UNI,"UK 9,5","Chaussures ROYAUME-UNI_UK 9,5",95
Chaussures ÉTATS-UNIS,US 10,Chaussures ÉTATS-UNIS_US 10,10
Chaussures ÉTATS-UNIS,"US 10,5","Chaussures ÉTATS-UNIS_US 10,5",105
Chaussures ÉTATS-UNIS,US 11,Chaussures ÉTATS-UNIS_US 11,11
Chaussures ÉTATS-UNIS,"US 11,5","Chaussures ÉTATS-UNIS_US 11,5",115
Chaussures ÉTATS-UNIS,US 12,Chaussures ÉTATS-UNIS_US 12,12
Chaussures ÉTATS-UNIS,"US 12,5","Chaussures ÉTATS-UNIS_US 12,5",125
Chaussures ÉTATS-UNIS,US 13,Chaussures ÉTATS-UNIS_US 13,13
Chaussures ÉTATS-UNIS,"US 13,5","Chaussures ÉTATS-UNIS_US 13,5",135
Chaussures ÉTATS-UNIS,US 14,Chaussures ÉTATS-UNIS_US 14,14
Chaussures ÉTATS-UNIS,US 4,Chaussures ÉTATS-UNIS_US 4,4
Chaussures ÉTATS-UNIS,"US 4,5","Chaussures ÉTATS-UNIS_US 4,5",45
Chaussures ÉTATS-UNIS,US 5,Chaussures ÉTATS-UNIS_US 5,5
Chaussures ÉTATS-UNIS,"US 5,5","Chaussures ÉTATS-UNIS_US 5,5",55
Chaussures ÉTATS-UNIS,US 6,Chaussures ÉTATS-UNIS_US 6,6
Chaussures ÉTATS-UNIS,"US 6,5","Chaussures ÉTATS-UNIS_US 6,5",65
Chaussures ÉTATS-UNIS,US 7,Chaussures ÉTATS-UNIS_US 7,7
Chaussures ÉTATS-UNIS,"US 7,5","Chaussures ÉTATS-UNIS_US 7,5",75
Chaussures ÉTATS-UNIS,US 8,Chaussures ÉTATS-UNIS_US 8,8
Chaussures ÉTATS-UNIS,"US 8,5","Chaussures ÉTATS-UNIS_US 8,5",85
Chaussures ÉTATS-UNIS,US 9,Chaussures ÉTATS-UNIS_US 9,9
Chaussures ÉTATS-UNIS,"US 9,5","Chaussures ÉTATS-UNIS_US 9,5",95
Chemises COL,COL 37,Chemises COL_COL 37,37
Chemises COL,COL 38,Chemises COL_COL 38,38
Chemises COL,COL 39,Chemises COL_COL 39,39
Chemises COL,COL 40,Chemises COL_COL 40,40
Chemises COL,COL 41,Chemises COL_COL 41,41
Chemises COL,COL 42,Chemises COL_COL 42,42
Chemises COL,COL 43,Chemises COL_COL 43,43
Chemises COL,COL 44,Chemises COL_COL 44,44
Enfant,10Y,Enfant_10Y,10
Enfant,12Y,Enfant_12Y,12
Enfant,12M,Enfant_12M,12
Enfant,18M,Enfant_18M,18
Enfant,2Y,Enfant_2Y,2
Enfant,3Y,Enfant_3Y,3
Enfant,3M,Enfant_3M,3
Enfant,4Y,Enfant_4Y,4
Enfant,6Y,Enfant_6Y,6
Enfant,6M,Enfant_6M,6
Enfant,8Y,Enfant_8Y,8
Enfant,9M,Enfant_9M,9
Gants POUCES,10,Gants POUCES_10,10
Gants POUCES,10.5,Gants POUCES_10.5,105
Gants POUCES,11,Gants POUCES_11,11
Gants POUCES,11.5,Gants POUCES_11.5,115
Gants POUCES,12,Gants POUCES_12,12
Gants POUCES,6,Gants POUCES_6,6
Gants POUCES,6.5,Gants POUCES_6.5,65
Gants POUCES,7,Gants POUCES_7,7
Gants POUCES,7.5,Gants POUCES_7.5,75
Gants POUCES,8,Gants POUCES_8,8
Gants POUCES,8.5,Gants POUCES_8.5,85
Gants POUCES,9,Gants POUCES_9,9
Gants POUCES,9.5,Gants POUCES_9.5,95
Gants STANDARD,L,Gants STANDARD_L,L
Gants STANDARD,M,Gants STANDARD_M,M
Gants STANDARD,S,Gants STANDARD_S,S
Gants STANDARD,XL,Gants STANDARD_XL,XL
Gants STANDARD,XS,Gants STANDARD_XS,XS
Gants STANDARD,XXL,Gants STANDARD_XXL,XX
Jeans,22,Jeans_22,22
Jeans,23,Jeans_23,23
Jeans,24,Jeans_24,24
Jeans,25,Jeans_25,25
Jeans,26,Jeans_26,26
Jeans,27,Jeans_27,27
Jeans,28,Jeans_28,28
Jeans,29,Jeans_29,29
Jeans,30,Jeans_30,30
Jeans,31,Jeans_31,31
Jeans,32,Jeans_32,32
Jeans,33,Jeans_33,33
Jeans,34,Jeans_34,34
Jeans,35,Jeans_35,35
Jeans,36,Jeans_36,36
Jeans,37,Jeans_37,37
Jeans,38,Jeans_38,38
Jeans,39,Jeans_39,39
Jeans,40,Jeans_40,40
Jeans,41,Jeans_41,41
Lunettes MM,40,Lunettes MM_40,40
Lunettes MM,41,Lunettes MM_41,41
Lunettes MM,42,Lunettes MM_42,42
Lunettes MM,43,Lunettes MM_43,43
Lunettes MM,44,Lunettes MM_44,44
Lunettes MM,45,Lunettes MM_45,45
Lunettes MM,46,Lunettes MM_46,46
Lunettes MM,47,Lunettes MM_47,47
Lunettes MM,48,Lunettes MM_48,48
Lunettes MM,49,Lunettes MM_49,49
Lunettes MM,50,Lunettes MM_50,50
Lunettes MM,51,Lunettes MM_51,51
Lunettes MM,52,Lunettes MM_52,52
Lunettes MM,53,Lunettes MM_53,53
Lunettes MM,54,Lunettes MM_54,54
Lunettes MM,55,Lunettes MM_55,55
Lunettes MM,56,Lunettes MM_56,56
Lunettes MM,57,Lunettes MM_57,57
Lunettes MM,58,Lunettes MM_58,58
Lunettes MM,59,Lunettes MM_59,59
Lunettes MM,60,Lunettes MM_60,60
Lunettes MM,61,Lunettes MM_61,61
Lunettes MM,62,Lunettes MM_62,62
Lunettes MM,63,Lunettes MM_63,63
Lunettes MM,64,Lunettes MM_64,64
Lunettes MM,65,Lunettes MM_65,65
Lunettes MM,66,Lunettes MM_66,66
Lunettes MM,67,Lunettes MM_67,67
Lunettes MM,68,Lunettes MM_68,68
Lunettes MM,69,Lunettes MM_69,69
Lunettes MM,70,Lunettes MM_70,70
Lunettes MM,71,Lunettes MM_71,71
Lunettes STANDARD,L,Lunettes STANDARD_L,L
Lunettes STANDARD,M,Lunettes STANDARD_M,M
Lunettes STANDARD,S,Lunettes STANDARD_S,S
Lunettes STANDARD,XL,Lunettes STANDARD_XL,XL
Lunettes STANDARD,XS,Lunettes STANDARD_XS,XS
Lunettes STANDARD,XXS,Lunettes STANDARD_XXS,XXS
Lunettes STANDARD,XXXS,Lunettes STANDARD_XXXS,XXXS
MM-A,34,MM-A_34,34
MM-A,36,MM-A_36,36
MM-A,38,MM-A_38,38
MM-A,40,MM-A_40,40
MM-A,42,MM-A_42,42
MM-A,44,MM-A_44,44
MM-A,46,MM-A_46,46
MM-A,48,MM-A_48,48
MM-a,50,MM-a_50,50
MM-a,51,MM-a_51,51
MM-a,52,MM-a_52,52
MM-a,53,MM-a_53,53
MM-a,54,MM-a_54,54
MM-a,55,MM-a_55,55
MM-a,56,MM-a_56,56
MM-a,57,MM-a_57,57
MM-ab,50,MM-ab_50,50
MM-ab,51,MM-ab_51,51
MM-ab,52,MM-ab_52,52
MM-ab,53,MM-ab_53,53
MM-ab,54,MM-ab_54,54
MM-ab,55,MM-ab_55,55
MM-ab,56,MM-ab_56,56
MM-ab,57,MM-ab_57,57
MM-ab,58,MM-ab_58,58
MM-aT,49,MM-aT_49,49
MM-aT,50,MM-aT_50,50
MM-aT,51,MM-aT_51,51
MM-aT,52,MM-aT_52,52
MM-aT,53,MM-aT_53,53
MM-aT,54,MM-aT_54,54
MM-aT,55,MM-aT_55,55
MM-aT,56,MM-aT_56,56
MM-aT,57,MM-aT_57,57
MM-aT,59,MM-aT_59,59
MM-aT,61,MM-aT_61,61
MM-aT,63,MM-aT_63,63
MM-aT,65,MM-aT_65,65
MM-b,58,MM-b_58,58
MM-B,L,MM-B_L,L
MM-B,M,MM-B_M,M
MM-B,S,MM-B_S,S
MM-B,XL,MM-B_XL,XL
MM-B,XS,MM-B_XS,XS
MM-B,XX,MM-B_XX,XX
MM-B,XXS,MM-B_XXS,XXS
MM-B,XXX,MM-B_XXX,XXX
MM-c,10,MM-c_10,10
MM-c,11,MM-c_11,11
MM-c,4,MM-c_4,4
MM-C,45,MM-C_45,45
MM-C,5,MM-C_5,5
MM-c,5,MM-c_5,5
MM-C,55,MM-C_55,55
MM-C,6,MM-C_6,6
MM-c,6,MM-c_6,6
MM-C,65,MM-C_65,65
MM-C,7,MM-C_7,7
MM-c,7,MM-c_7,7
MM-C,75,MM-C_75,75
MM-C,8,MM-C_8,8
MM-c,8,MM-c_8,8
MM-c,9,MM-c_9,9
MM-CD,10,MM-CD_10,10
MM-CD,105,MM-CD_105,105
MM-CD,45,MM-CD_45,45
MM-CD,5,MM-CD_5,5
MM-CD,55,MM-CD_55,55
MM-CD,6,MM-CD_6,6
MM-CD,65,MM-CD_65,65
MM-CD,7,MM-CD_7,7
MM-CD,75,MM-CD_75,75
MM-CD,8,MM-CD_8,8
MM-CD,85,MM-CD_85,85
MM-CD,9,MM-CD_9,9
MM-CD,95,MM-CD_95,95
MM-CDI,10,MM-CDI_10,10
MM-CDI,105,MM-CDI_105,105
MM-CDI,11,MM-CDI_11,11
MM-CDI,12,MM-CDI_12,12
MM-CDI,45,MM-CDI_45,45
MM-CDI,5,MM-CDI_5,5
MM-CDI,55,MM-CDI_55,55
MM-CDI,6,MM-CDI_6,6
MM-CDI,65,MM-CDI_65,65
MM-CDI,7,MM-CDI_7,7
MM-CDI,75,MM-CDI_75,75
MM-CDI,8,MM-CDI_8,8
MM-CDI,85,MM-CDI_85,85
MM-CDI,9,MM-CDI_9,9
MM-CDI,95,MM-CDI_95,95
MM-CDV,10,MM-CDV_10,10
MM-CDV,105,MM-CDV_105,105
MM-CDV,11,MM-CDV_11,11
MM-CDV,115,MM-CDV_115,115
MM-CDV,120,MM-CDV_120,120
MM-CDV,125,MM-CDV_125,125
MM-CDV,45,MM-CDV_45,45
MM-CDV,5,MM-CDV_5,5
MM-CDV,55,MM-CDV_55,55
MM-CDV,6,MM-CDV_6,6
MM-CDV,65,MM-CDV_65,65
MM-CDV,7,MM-CDV_7,7
MM-CDV,75,MM-CDV_75,75
MM-CDV,8,MM-CDV_8,8
MM-CDV,85,MM-CDV_85,85
MM-CDV,9,MM-CDV_9,9
MM-CDV,95,MM-CDV_95,95
MM-CDX,10,MM-CDX_10,10
MM-CDX,105,MM-CDX_105,105
MM-CDX,11,MM-CDX_11,11
MM-CDX,12,MM-CDX_12,12
MM-CDX,13,MM-CDX_13,13
MM-CDX,14,MM-CDX_14,14
MM-CDX,15,MM-CDX_15,15
MM-CDX,16,MM-CDX_16,16
MM-CDX,45,MM-CDX_45,45
MM-CDX,5,MM-CDX_5,5
MM-CDX,55,MM-CDX_55,55
MM-CDX,6,MM-CDX_6,6
MM-CDX,65,MM-CDX_65,65
MM-CDX,7,MM-CDX_7,7
MM-CDX,75,MM-CDX_75,75
MM-CDX,8,MM-CDX_8,8
MM-CDX,85,MM-CDX_85,85
MM-CDX,9,MM-CDX_9,9
MM-CDX,95,MM-CDX_95,95
MM-CI,10,MM-CI_10,10
MM-CI,11,MM-CI_11,11
MM-CI,12,MM-CI_12,12
MM-CI,45,MM-CI_45,45
MM-CI,5,MM-CI_5,5
MM-CI,55,MM-CI_55,55
MM-CI,6,MM-CI_6,6
MM-CI,65,MM-CI_65,65
MM-CI,7,MM-CI_7,7
MM-CI,75,MM-CI_75,75
MM-CI,8,MM-CI_8,8
MM-CI,9,MM-CI_9,9
MM-D,10,MM-D_10,10
MM-D,105,MM-D_105,105
MM-D,7,MM-D_7,7
MM-D,75,MM-D_75,75
MM-D,8,MM-D_8,8
MM-D,85,MM-D_85,85
MM-D,9,MM-D_9,9
MM-D,95,MM-D_95,95
MM-DI,10,MM-DI_10,10
MM-DI,105,MM-DI_105,105
MM-DI,11,MM-DI_11,11
MM-DI,12,MM-DI_12,12
MM-DI,7,MM-DI_7,7
MM-DI,75,MM-DI_75,75
MM-DI,8,MM-DI_8,8
MM-DI,85,MM-DI_85,85
MM-DI,9,MM-DI_9,9
MM-DI,95,MM-DI_95,95
MM-DV,10,MM-DV_10,10
MM-DV,105,MM-DV_105,105
MM-DV,11,MM-DV_11,11
MM-DV,115,MM-DV_115,115
MM-DV,12,MM-DV_12,12
MM-DV,125,MM-DV_125,125
MM-DV,7,MM-DV_7,7
MM-DV,75,MM-DV_75,75
MM-DV,8,MM-DV_8,8
MM-DV,85,MM-DV_85,85
MM-DV,9,MM-DV_9,9
MM-DV,95,MM-DV_95,95
MM-E,00,MM-E_00,0
MM-E,05,MM-E_05,5
MM-E,7,MM-E_7,7
MM-E,75,MM-E_75,75
MM-E,8,MM-E_8,8
MM-E,85,MM-E_85,85
MM-e,85A,MM-e_85A,85A
MM-e,85B,MM-e_85B,85B
MM-e,85C,MM-e_85C,85C
MM-e,85D,MM-e_85D,85D
MM-E,9,MM-E_9,9
MM-e,90A,MM-e_90A,90A
MM-e,90B,MM-e_90B,90B
MM-e,90C,MM-e_90C,90C
MM-e,90D,MM-e_90D,90D
MM-E,95,MM-E_95,95
MM-F,40,MM-F_40,40
MM-F,42,MM-F_42,42
MM-F,44,MM-F_44,44
MM-F,46,MM-F_46,46
MM-F,48,MM-F_48,48
MM-F,50,MM-F_50,50
MM-F,52,MM-F_52,52
MM-F,54,MM-F_54,54
MM-f,95A,MM-f_95A,95A
MM-f,95B,MM-f_95B,95B
MM-f,95C,MM-f_95C,95C
MM-FJ,15,MM-FJ_15,15
MM-FJ,155,MM-FJ_155,155
MM-FJ,16,MM-FJ_16,16
MM-FJ,165,MM-FJ_165,165
MM-FJ,17,MM-FJ_17,17
MM-FJ,175,MM-FJ_175,175
MM-FJ,40,MM-FJ_40,40
MM-FJ,42,MM-FJ_42,42
MM-FJ,44,MM-FJ_44,44
MM-FJ,46,MM-FJ_46,46
MM-FJ,48,MM-FJ_48,48
MM-FJ,50,MM-FJ_50,50
MM-FJ,52,MM-FJ_52,52
MM-FJ,54,MM-FJ_54,54
MM-FJ,56,MM-FJ_56,56
MM-FJ,58,MM-FJ_58,58
MM-FY,40,MM-FY_40,40
MM-FY,42,MM-FY_42,42
MM-FY,44,MM-FY_44,44
MM-FY,46,MM-FY_46,46
MM-FY,48,MM-FY_48,48
MM-FY,50,MM-FY_50,50
MM-FY,52,MM-FY_52,52
MM-FY,54,MM-FY_54,54
MM-FY,55,MM-FY_55,55
MM-FY,56,MM-FY_56,56
MM-FY,57,MM-FY_57,57
MM-FY,58,MM-FY_58,58
MM-FY,59,MM-FY_59,59
MM-FY,60,MM-FY_60,60
MM-FY,61,MM-FY_61,61
MM-FY,62,MM-FY_62,62
MM-G,0,MM-G_0,0
MM-G,TU,MM-G_TU,TU
MM-GB,0,MM-GB_0,0
MM-GB,L,MM-GB_L,L
MM-GB,M,MM-GB_M,M
MM-GB,S,MM-GB_S,S
MM-GB,TU,MM-GB_TU,TU
MM-GB,XL,MM-GB_XL,XL
MM-GB,XS,MM-GB_XS,XS
MM-GB,XX,MM-GB_XX,XX
MM-GB,XXS,MM-GB_XXS,XXS
MM-GB,XXX,MM-GB_XXX,XXX
MM-GH,0,MM-GH_0,0
MM-GH,1,MM-GH_1,1
MM-GH,2,MM-GH_2,2
MM-GH,3,MM-GH_3,3
MM-GH,35,MM-GH_35,35
MM-GH,355,MM-GH_355,355
MM-GH,4,MM-GH_4,4
MM-GH,5,MM-GH_5,5
MM-GH,6,MM-GH_6,6
MM-GH,TU,MM-GH_TU,TU
MM-GN,0,MM-GN_0,0
MM-GN,10,MM-GN_10,10
MM-GN,12,MM-GN_12,12
MM-GN,14,MM-GN_14,14
MM-GN,16,MM-GN_16,16
MM-GN,2,MM-GN_2,2
MM-GN,4,MM-GN_4,4
MM-GN,6,MM-GN_6,6
MM-GN,8,MM-GN_8,8
MM-GN,TU,MM-GN_TU,TU
MM-GV,0,MM-GV_0,0
MM-GV,11,MM-GV_11,11
MM-GV,115,MM-GV_115,115
MM-GV,12,MM-GV_12,12
MM-GV,125,MM-GV_125,125
MM-GV,TU,MM-GV_TU,TU
MM-h,0,MM-h_0,0
MM-H,1,MM-H_1,1
MM-h,1,MM-h_1,1
MM-H,2,MM-H_2,2
MM-h,2,MM-h_2,2
MM-H,3,MM-H_3,3
MM-h,3,MM-h_3,3
MM-H,35,MM-H_35,35
MM-H,355,MM-H_355,355
MM-H,4,MM-H_4,4
MM-h,4,MM-h_4,4
MM-H,5,MM-H_5,5
MM-h,5,MM-h_5,5
MM-H,6,MM-H_6,6
MM-h,6,MM-h_6,6
MM-h,7,MM-h_7,7
MM-HC,1,MM-HC_1,1
MM-HC,2,MM-HC_2,2
MM-HC,3,MM-HC_3,3
MM-HC,35,MM-HC_35,35
MM-HC,355,MM-HC_355,355
MM-HC,4,MM-HC_4,4
MM-HC,45,MM-HC_45,45
MM-HC,5,MM-HC_5,5
MM-HC,55,MM-HC_55,55
MM-HC,6,MM-HC_6,6
MM-HC,65,MM-HC_65,65
MM-HC,7,MM-HC_7,7
MM-HC,75,MM-HC_75,75
MM-HC,8,MM-HC_8,8
MM-HG,0,MM-HG_0,0
MM-HG,1,MM-HG_1,1
MM-HG,2,MM-HG_2,2
MM-HG,3,MM-HG_3,3
MM-HG,35,MM-HG_35,35
MM-HG,355,MM-HG_355,355
MM-HG,4,MM-HG_4,4
MM-HG,5,MM-HG_5,5
MM-HG,6,MM-HG_6,6
MM-HG,TU,MM-HG_TU,TU
MM-hI,0,MM-hI_0,0
MM-HI,1,MM-HI_1,1
MM-hI,1,MM-hI_1,1
MM-HI,10,MM-HI_10,10
MM-hI,10,MM-hI_10,10
MM-HI,11,MM-HI_11,11
MM-hI,11,MM-hI_11,11
MM-HI,12,MM-HI_12,12
MM-hI,12,MM-hI_12,12
MM-HI,2,MM-HI_2,2
MM-hI,2,MM-hI_2,2
MM-HI,3,MM-HI_3,3
MM-hI,3,MM-hI_3,3
MM-HI,35,MM-HI_35,35
MM-HI,355,MM-HI_355,355
MM-HI,4,MM-HI_4,4
MM-hI,4,MM-hI_4,4
MM-HI,5,MM-HI_5,5
MM-hI,5,MM-hI_5,5
MM-HI,6,MM-HI_6,6
MM-hI,6,MM-hI_6,6
MM-HI,7,MM-HI_7,7
MM-hI,7,MM-hI_7,7
MM-HI,8,MM-HI_8,8
MM-hI,8,MM-hI_8,8
MM-HI,9,MM-HI_9,9
MM-hI,9,MM-hI_9,9
MM-HU,1,MM-HU_1,1
MM-HU,2,MM-HU_2,2
MM-HU,3,MM-HU_3,3
MM-HU,35,MM-HU_35,35
MM-HU,355,MM-HU_355,355
MM-HU,36,MM-HU_36,36
MM-HU,365,MM-HU_365,365
MM-HU,37,MM-HU_37,37
MM-HU,38,MM-HU_38,38
MM-HU,385,MM-HU_385,385
MM-HU,39,MM-HU_39,39
MM-HU,395,MM-HU_395,395
MM-HU,4,MM-HU_4,4
MM-HU,5,MM-HU_5,5
MM-HU,6,MM-HU_6,6
MM-HUM,1,MM-HUM_1,1
MM-HUM,2,MM-HUM_2,2
MM-HUM,3,MM-HUM_3,3
MM-HUM,35,MM-HUM_35,35
MM-HUM,355,MM-HUM_355,355
MM-HUM,36,MM-HUM_36,36
MM-HUM,365,MM-HUM_365,365
MM-HUM,37,MM-HUM_37,37
MM-HUM,38,MM-HUM_38,38
MM-HUM,385,MM-HUM_385,385
MM-HUM,39,MM-HUM_39,39
MM-HUM,395,MM-HUM_395,395
MM-HUM,4,MM-HUM_4,4
MM-HUM,40,MM-HUM_40,40
MM-HUM,405,MM-HUM_405,405
MM-HUM,41,MM-HUM_41,41
MM-HUM,415,MM-HUM_415,415
MM-HUM,42,MM-HUM_42,42
MM-HUM,425,MM-HUM_425,425
MM-HUM,43,MM-HUM_43,43
MM-HUM,435,MM-HUM_435,435
MM-HUM,5,MM-HUM_5,5
MM-HUM,6,MM-HUM_6,6
MM-i,0,MM-i_0,0
MM-i,00,MM-i_00,0
MM-i,1,MM-i_1,1
MM-I,10,MM-I_10,10
MM-I,11,MM-I_11,11
MM-I,12,MM-I_12,12
MM-i,2,MM-i_2,2
MM-i,3,MM-i_3,3
MM-i,4,MM-i_4,4
MM-i,5,MM-i_5,5
MM-I,6,MM-I_6,6
MM-i,6,MM-i_6,6
MM-I,7,MM-I_7,7
MM-I,8,MM-I_8,8
MM-I,9,MM-I_9,9
MM-IM,1,MM-IM_1,1
MM-IM,2,MM-IM_2,2
MM-IM,3,MM-IM_3,3
MM-IM,35,MM-IM_35,35
MM-IM,355,MM-IM_355,355
MM-IM,4,MM-IM_4,4
MM-IM,40,MM-IM_40,40
MM-IM,405,MM-IM_405,405
MM-IM,41,MM-IM_41,41
MM-IM,415,MM-IM_415,415
MM-IM,42,MM-IM_42,42
MM-IM,425,MM-IM_425,425
MM-IM,43,MM-IM_43,43
MM-IM,435,MM-IM_435,435
MM-IM,5,MM-IM_5,5
MM-IM,6,MM-IM_6,6
MM-J,15,MM-J_15,15
MM-J,155,MM-J_155,155
MM-J,16,MM-J_16,16
MM-J,165,MM-J_165,165
MM-J,17,MM-J_17,17
MM-J,175,MM-J_175,175
MM-j,225,MM-j_225,225
MM-j,23,MM-j_23,23
MM-j,235,MM-j_235,235
MM-j,24,MM-j_24,24
MM-j,245,MM-j_245,245
MM-j,25,MM-j_25,25
MM-j,255,MM-j_255,255
MM-j,26,MM-j_26,26
MM-J,56,MM-J_56,56
MM-J,58,MM-J_58,58
MM-jk,225,MM-jk_225,225
MM-jk,23,MM-jk_23,23
MM-jk,235,MM-jk_235,235
MM-jk,24,MM-jk_24,24
MM-jk,245,MM-jk_245,245
MM-jk,25,MM-jk_25,25
MM-jk,255,MM-jk_255,255
MM-jk,26,MM-jk_26,26
MM-jk,265,MM-jk_265,265
MM-jk,27,MM-jk_27,27
MM-jk,275,MM-jk_275,275
MM-jk,28,MM-jk_28,28
MM-jk,285,MM-jk_285,285
MM-jk,29,MM-jk_29,29
MM-jk,295,MM-jk_295,295
MM-jk,30,MM-jk_30,30
MM-jP,225,MM-jP_225,225
MM-jP,23,MM-jP_23,23
MM-jP,235,MM-jP_235,235
MM-jP,24,MM-jP_24,24
MM-jP,245,MM-jP_245,245
MM-jP,25,MM-jP_25,25
MM-jP,255,MM-jP_255,255
MM-jP,26,MM-jP_26,26
MM-jP,27,MM-jP_27,27
MM-jP,28,MM-jP_28,28
MM-jP,29,MM-jP_29,29
MM-jP,30,MM-jP_30,30
MM-jP,31,MM-jP_31,31
MM-k,265,MM-k_265,265
MM-k,27,MM-k_27,27
MM-k,275,MM-k_275,275
MM-k,28,MM-k_28,28
MM-k,285,MM-k_285,285
MM-k,29,MM-k_29,29
MM-k,295,MM-k_295,295
MM-k,30,MM-k_30,30
MM-K,37,MM-K_37,37
MM-K,38,MM-K_38,38
MM-K,39,MM-K_39,39
MM-K,40,MM-K_40,40
MM-K,41,MM-K_41,41
MM-K,42,MM-K_42,42
MM-K,43,MM-K_43,43
MM-K,44,MM-K_44,44
MM-Ka,37,MM-Ka_37,37
MM-Ka,38,MM-Ka_38,38
MM-Ka,39,MM-Ka_39,39
MM-Ka,40,MM-Ka_40,40
MM-Ka,41,MM-Ka_41,41
MM-Ka,42,MM-Ka_42,42
MM-Ka,43,MM-Ka_43,43
MM-Ka,44,MM-Ka_44,44
MM-Ka,50,MM-Ka_50,50
MM-Ka,51,MM-Ka_51,51
MM-Ka,52,MM-Ka_52,52
MM-Ka,53,MM-Ka_53,53
MM-Ka,54,MM-Ka_54,54
MM-Ka,55,MM-Ka_55,55
MM-Ka,56,MM-Ka_56,56
MM-Ka,57,MM-Ka_57,57
MM-KL,37,MM-KL_37,37
MM-KL,38,MM-KL_38,38
MM-KL,39,MM-KL_39,39
MM-KL,40,MM-KL_40,40
MM-KL,41,MM-KL_41,41
MM-KL,42,MM-KL_42,42
MM-KL,43,MM-KL_43,43
MM-KL,44,MM-KL_44,44
MM-KL,45,MM-KL_45,45
MM-KL,46,MM-KL_46,46
MM-L,39,MM-L_39,39
MM-L,40,MM-L_40,40
MM-L,41,MM-L_41,41
MM-L,42,MM-L_42,42
MM-L,43,MM-L_43,43
MM-L,44,MM-L_44,44
MM-l,44,MM-l_44,44
MM-l,445,MM-l_445,445
MM-L,45,MM-L_45,45
MM-l,45,MM-l_45,45
MM-l,455,MM-l_455,455
MM-L,46,MM-L_46,46
MM-l,46,MM-l_46,46
MM-l,465,MM-l_465,465
MM-l,47,MM-l_47,47
MM-l,475,MM-l_475,475
MM-LM,39,MM-LM_39,39
MM-LM,40,MM-LM_40,40
MM-LM,405,MM-LM_405,405
MM-LM,41,MM-LM_41,41
MM-LM,415,MM-LM_415,415
MM-LM,42,MM-LM_42,42
MM-LM,425,MM-LM_425,425
MM-LM,43,MM-LM_43,43
MM-LM,435,MM-LM_435,435
MM-LM,44,MM-LM_44,44
MM-LM,45,MM-LM_45,45
MM-LM,46,MM-LM_46,46
MM-M,40,MM-M_40,40
MM-M,405,MM-M_405,405
MM-M,41,MM-M_41,41
MM-M,415,MM-M_415,415
MM-M,42,MM-M_42,42
MM-M,425,MM-M_425,425
MM-M,43,MM-M_43,43
MM-M,435,MM-M_435,435
MM-MK,37,MM-MK_37,37
MM-MK,38,MM-MK_38,38
MM-MK,39,MM-MK_39,39
MM-MK,40,MM-MK_40,40
MM-MK,405,MM-MK_405,405
MM-MK,41,MM-MK_41,41
MM-MK,415,MM-MK_415,415
MM-MK,42,MM-MK_42,42
MM-MK,425,MM-MK_425,425
MM-MK,43,MM-MK_43,43
MM-MK,435,MM-MK_435,435
MM-MK,44,MM-MK_44,44
MM-ML,39,MM-ML_39,39
MM-Ml,40,MM-Ml_40,40
MM-ML,40,MM-ML_40,40
MM-Ml,405,MM-Ml_405,405
MM-ML,405,MM-ML_405,405
MM-Ml,41,MM-Ml_41,41
MM-ML,41,MM-ML_41,41
MM-Ml,415,MM-Ml_415,415
MM-ML,415,MM-ML_415,415
MM-Ml,42,MM-Ml_42,42
MM-ML,42,MM-ML_42,42
MM-Ml,425,MM-Ml_425,425
MM-ML,425,MM-ML_425,425
MM-Ml,43,MM-Ml_43,43
MM-ML,43,MM-ML_43,43
MM-Ml,435,MM-Ml_435,435
MM-ML,435,MM-ML_435,435
MM-Ml,44,MM-Ml_44,44
MM-ML,44,MM-ML_44,44
MM-Ml,445,MM-Ml_445,445
MM-Ml,45,MM-Ml_45,45
MM-ML,45,MM-ML_45,45
MM-Ml,455,MM-Ml_455,455
MM-Ml,46,MM-Ml_46,46
MM-ML,46,MM-ML_46,46
MM-Ml,465,MM-Ml_465,465
MM-Ml,47,MM-Ml_47,47
MM-Ml,475,MM-Ml_475,475
MM-MR,40,MM-MR_40,40
MM-MR,405,MM-MR_405,405
MM-MR,41,MM-MR_41,41
MM-MR,415,MM-MR_415,415
MM-MR,42,MM-MR_42,42
MM-MR,425,MM-MR_425,425
MM-MR,43,MM-MR_43,43
MM-MR,435,MM-MR_435,435
MM-MR,44,MM-MR_44,44
MM-MR,445,MM-MR_445,445
MM-MR,45,MM-MR_45,45
MM-MR,455,MM-MR_455,455
MM-MR,46,MM-MR_46,46
MM-MR,465,MM-MR_465,465
MM-MRl,40,MM-MRl_40,40
MM-MRl,405,MM-MRl_405,405
MM-MRl,41,MM-MRl_41,41
MM-MRl,415,MM-MRl_415,415
MM-MRl,42,MM-MRl_42,42
MM-MRl,425,MM-MRl_425,425
MM-MRl,43,MM-MRl_43,43
MM-MRl,435,MM-MRl_435,435
MM-MRl,44,MM-MRl_44,44
MM-MRl,445,MM-MRl_445,445
MM-MRl,45,MM-MRl_45,45
MM-MRl,455,MM-MRl_455,455
MM-MRl,46,MM-MRl_46,46
MM-MRl,465,MM-MRl_465,465
MM-MRl,47,MM-MRl_47,47
MM-MRl,475,MM-MRl_475,475
MM-N,10,MM-N_10,10
MM-N,12,MM-N_12,12
MM-n,12M,MM-n_12M,12M
MM-N,14,MM-N_14,14
MM-N,16,MM-N_16,16
MM-n,18M,MM-n_18M,18M
MM-N,2,MM-N_2,2
MM-n,2A,MM-n_2A,2A
MM-n,3A,MM-n_3A,3A
MM-n,3M,MM-n_3M,3M
MM-N,4,MM-N_4,4
MM-n,4A,MM-n_4A,4A
MM-N,6,MM-N_6,6
MM-n,6M,MM-n_6M,6M
MM-N,8,MM-N_8,8
MM-n,9M,MM-n_9M,9M
MM-o,10A,MM-o_10A,10A
MM-o,12A,MM-o_12A,12A
MM-O,2,MM-O_2,2
MM-O,25,MM-O_25,25
MM-o,2A,MM-o_2A,2A
MM-O,3,MM-O_3,3
MM-O,35,MM-O_35,35
MM-O,4,MM-O_4,4
MM-O,45,MM-O_45,45
MM-o,4A,MM-o_4A,4A
MM-O,5,MM-O_5,5
MM-O,55,MM-O_55,55
MM-o,6A,MM-o_6A,6A
MM-o,8A,MM-o_8A,8A
MM-OCDV,10,MM-OCDV_10,10
MM-OCDV,105,MM-OCDV_105,105
MM-OCDV,11,MM-OCDV_11,11
MM-OCDV,115,MM-OCDV_115,115
MM-OCDV,12,MM-OCDV_12,12
MM-OCDV,125,MM-OCDV_125,125
MM-OCDV,2,MM-OCDV_2,2
MM-OCDV,25,MM-OCDV_25,25
MM-OCDV,3,MM-OCDV_3,3
MM-OCDV,35,MM-OCDV_35,35
MM-OCDV,4,MM-OCDV_4,4
MM-OCDV,45,MM-OCDV_45,45
MM-OCDV,5,MM-OCDV_5,5
MM-OCDV,55,MM-OCDV_55,55
MM-OCDV,6,MM-OCDV_6,6
MM-OCDV,65,MM-OCDV_65,65
MM-OCDV,7,MM-OCDV_7,7
MM-OCDV,75,MM-OCDV_75,75
MM-OCDV,8,MM-OCDV_8,8
MM-OCDV,85,MM-OCDV_85,85
MM-OCDV,9,MM-OCDV_9,9
MM-OCDV,95,MM-OCDV_95,95
MM-P,24,MM-P_24,24
MM-P,25,MM-P_25,25
MM-P,26,MM-P_26,26
MM-P,27,MM-P_27,27
MM-P,28,MM-P_28,28
MM-P,29,MM-P_29,29
MM-P,30,MM-P_30,30
MM-P,31,MM-P_31,31
MM-p,40,MM-p_40,40
MM-p,41,MM-p_41,41
MM-p,42,MM-p_42,42
MM-p,43,MM-p_43,43
MM-p,44,MM-p_44,44
MM-p,45,MM-p_45,45
MM-p,46,MM-p_46,46
MM-p,47,MM-p_47,47
MM-PQ,24,MM-PQ_24,24
MM-PQ,25,MM-PQ_25,25
MM-PQ,26,MM-PQ_26,26
MM-PQ,27,MM-PQ_27,27
MM-PQ,28,MM-PQ_28,28
MM-PQ,29,MM-PQ_29,29
MM-PQ,30,MM-PQ_30,30
MM-PQ,31,MM-PQ_31,31
MM-PQ,32,MM-PQ_32,32
MM-PQ,33,MM-PQ_33,33
MM-PQ,34,MM-PQ_34,34
MM-PQ,35,MM-PQ_35,35
MM-PQ,36,MM-PQ_36,36
MM-PQ,37,MM-PQ_37,37
MM-PQ,38,MM-PQ_38,38
MM-PQ,39,MM-PQ_39,39
MM-pqr,40,MM-pqr_40,40
MM-pqr,41,MM-pqr_41,41
MM-pqr,42,MM-pqr_42,42
MM-pqr,43,MM-pqr_43,43
MM-pqr,44,MM-pqr_44,44
MM-pqr,45,MM-pqr_45,45
MM-pqr,46,MM-pqr_46,46
MM-pqr,47,MM-pqr_47,47
MM-pqr,48,MM-pqr_48,48
MM-pqr,49,MM-pqr_49,49
MM-pqr,50,MM-pqr_50,50
MM-pqr,51,MM-pqr_51,51
MM-pqr,52,MM-pqr_52,52
MM-pqr,53,MM-pqr_53,53
MM-pqr,54,MM-pqr_54,54
MM-pqr,55,MM-pqr_55,55
MM-pqr,56,MM-pqr_56,56
MM-pqr,57,MM-pqr_57,57
MM-pqr,58,MM-pqr_58,58
MM-pqr,59,MM-pqr_59,59
MM-pqr,60,MM-pqr_60,60
MM-pqr,61,MM-pqr_61,61
MM-pqr,62,MM-pqr_62,62
MM-pqr,63,MM-pqr_63,63
MM-PQRS,16,MM-PQRS_16,16
MM-PQRS,17,MM-PQRS_17,17
MM-PQRS,18,MM-PQRS_18,18
MM-PQRS,19,MM-PQRS_19,19
MM-PQRS,20,MM-PQRS_20,20
MM-PQRS,21,MM-PQRS_21,21
MM-PQRS,22,MM-PQRS_22,22
MM-PQRS,23,MM-PQRS_23,23
MM-PQRS,24,MM-PQRS_24,24
MM-PQRS,25,MM-PQRS_25,25
MM-PQRS,26,MM-PQRS_26,26
MM-PQRS,27,MM-PQRS_27,27
MM-PQRS,28,MM-PQRS_28,28
MM-PQRS,29,MM-PQRS_29,29
MM-PQRS,30,MM-PQRS_30,30
MM-PQRS,31,MM-PQRS_31,31
MM-PQRS,32,MM-PQRS_32,32
MM-PQRS,33,MM-PQRS_33,33
MM-PQRS,34,MM-PQRS_34,34
MM-PQRS,35,MM-PQRS_35,35
MM-PQRS,36,MM-PQRS_36,36
MM-PQRS,37,MM-PQRS_37,37
MM-PQRS,38,MM-PQRS_38,38
MM-PQRS,39,MM-PQRS_39,39
MM-pqrs,40,MM-pqrs_40,40
MM-pqrs,41,MM-pqrs_41,41
MM-pqrs,42,MM-pqrs_42,42
MM-pqrs,43,MM-pqrs_43,43
MM-pqrs,44,MM-pqrs_44,44
MM-PQRS,44,MM-PQRS_44,44
MM-PQRS,445,MM-PQRS_445,445
MM-pqrs,45,MM-pqrs_45,45
MM-PQRS,45,MM-PQRS_45,45
MM-PQRS,455,MM-PQRS_455,455
MM-pqrs,46,MM-pqrs_46,46
MM-PQRS,46,MM-PQRS_46,46
MM-PQRS,465,MM-PQRS_465,465
MM-pqrs,47,MM-pqrs_47,47
MM-pqrs,48,MM-pqrs_48,48
MM-pqrs,49,MM-pqrs_49,49
MM-pqrs,50,MM-pqrs_50,50
MM-pqrs,51,MM-pqrs_51,51
MM-pqrs,52,MM-pqrs_52,52
MM-pqrs,53,MM-pqrs_53,53
MM-pqrs,54,MM-pqrs_54,54
MM-pqrs,55,MM-pqrs_55,55
MM-pqrs,56,MM-pqrs_56,56
MM-pqrs,57,MM-pqrs_57,57
MM-pqrs,58,MM-pqrs_58,58
MM-pqrs,59,MM-pqrs_59,59
MM-pqrs,60,MM-pqrs_60,60
MM-pqrs,61,MM-pqrs_61,61
MM-pqrs,62,MM-pqrs_62,62
MM-pqrs,63,MM-pqrs_63,63
MM-pqrs,64,MM-pqrs_64,64
MM-pqrs,65,MM-pqrs_65,65
MM-pqrs,66,MM-pqrs_66,66
MM-pqrs,67,MM-pqrs_67,67
MM-pqrs,68,MM-pqrs_68,68
MM-pqrs,69,MM-pqrs_69,69
MM-pqrs,70,MM-pqrs_70,70
MM-pqrs,71,MM-pqrs_71,71
MM-PW,24,MM-PW_24,24
MM-PW,25,MM-PW_25,25
MM-PW,26,MM-PW_26,26
MM-PW,27,MM-PW_27,27
MM-PW,28,MM-PW_28,28
MM-PW,29,MM-PW_29,29
MM-PW,30,MM-PW_30,30
MM-PW,31,MM-PW_31,31
MM-PW,42,MM-PW_42,42
MM-PW,44,MM-PW_44,44
MM-PW,46,MM-PW_46,46
MM-PW,48,MM-PW_48,48
MM-PW,50,MM-PW_50,50
MM-PW,52,MM-PW_52,52
MM-PW,54,MM-PW_54,54
MM-PW,56,MM-PW_56,56
MM-Q,32,MM-Q_32,32
MM-Q,33,MM-Q_33,33
MM-Q,34,MM-Q_34,34
MM-Q,35,MM-Q_35,35
MM-Q,36,MM-Q_36,36
MM-Q,37,MM-Q_37,37
MM-Q,38,MM-Q_38,38
MM-Q,39,MM-Q_39,39
MM-q,48,MM-q_48,48
MM-q,49,MM-q_49,49
MM-q,50,MM-q_50,50
MM-q,51,MM-q_51,51
MM-q,52,MM-q_52,52
MM-q,53,MM-q_53,53
MM-q,54,MM-q_54,54
MM-q,55,MM-q_55,55
MM-QF,32,MM-QF_32,32
MM-QF,33,MM-QF_33,33
MM-QF,34,MM-QF_34,34
MM-QF,35,MM-QF_35,35
MM-QF,36,MM-QF_36,36
MM-QF,37,MM-QF_37,37
MM-QF,38,MM-QF_38,38
MM-QF,39,MM-QF_39,39
MM-QF,40,MM-QF_40,40
MM-QF,42,MM-QF_42,42
MM-QF,44,MM-QF_44,44
MM-QF,46,MM-QF_46,46
MM-QF,48,MM-QF_48,48
MM-QF,50,MM-QF_50,50
MM-QF,52,MM-QF_52,52
MM-QF,54,MM-QF_54,54
MM-QK,32,MM-QK_32,32
MM-QK,33,MM-QK_33,33
MM-QK,34,MM-QK_34,34
MM-QK,35,MM-QK_35,35
MM-QK,36,MM-QK_36,36
MM-QK,37,MM-QK_37,37
MM-QK,38,MM-QK_38,38
MM-QK,39,MM-QK_39,39
MM-QK,40,MM-QK_40,40
MM-QK,41,MM-QK_41,41
MM-QK,42,MM-QK_42,42
MM-QK,43,MM-QK_43,43
MM-QK,44,MM-QK_44,44
MM-QL,32,MM-QL_32,32
MM-QL,33,MM-QL_33,33
MM-QL,34,MM-QL_34,34
MM-QL,35,MM-QL_35,35
MM-QL,36,MM-QL_36,36
MM-QL,37,MM-QL_37,37
MM-QL,38,MM-QL_38,38
MM-QL,39,MM-QL_39,39
MM-QL,40,MM-QL_40,40
MM-QL,41,MM-QL_41,41
MM-QL,42,MM-QL_42,42
MM-QL,43,MM-QL_43,43
MM-QL,44,MM-QL_44,44
MM-QL,45,MM-QL_45,45
MM-QL,46,MM-QL_46,46
MM-QM,32,MM-QM_32,32
MM-QM,33,MM-QM_33,33
MM-QM,34,MM-QM_34,34
MM-QM,35,MM-QM_35,35
MM-QM,36,MM-QM_36,36
MM-QM,37,MM-QM_37,37
MM-QM,38,MM-QM_38,38
MM-QM,39,MM-QM_39,39
MM-QM,40,MM-QM_40,40
MM-QM,405,MM-QM_405,405
MM-QM,41,MM-QM_41,41
MM-QM,415,MM-QM_415,415
MM-QM,42,MM-QM_42,42
MM-QM,425,MM-QM_425,425
MM-QM,43,MM-QM_43,43
MM-QM,435,MM-QM_435,435
MM-QP,24,MM-QP_24,24
MM-QP,25,MM-QP_25,25
MM-QP,26,MM-QP_26,26
MM-QP,27,MM-QP_27,27
MM-QP,28,MM-QP_28,28
MM-QP,29,MM-QP_29,29
MM-QP,30,MM-QP_30,30
MM-QP,31,MM-QP_31,31
MM-QP,32,MM-QP_32,32
MM-QP,33,MM-QP_33,33
MM-QP,34,MM-QP_34,34
MM-QP,35,MM-QP_35,35
MM-QP,36,MM-QP_36,36
MM-QP,37,MM-QP_37,37
MM-QP,38,MM-QP_38,38
MM-QP,39,MM-QP_39,39
MM-qrs,48,MM-qrs_48,48
MM-qrs,49,MM-qrs_49,49
MM-qrs,50,MM-qrs_50,50
MM-qrs,51,MM-qrs_51,51
MM-qrs,52,MM-qrs_52,52
MM-qrs,53,MM-qrs_53,53
MM-qrs,54,MM-qrs_54,54
MM-qrs,55,MM-qrs_55,55
MM-qrs,56,MM-qrs_56,56
MM-qrs,57,MM-qrs_57,57
MM-qrs,58,MM-qrs_58,58
MM-qrs,59,MM-qrs_59,59
MM-qrs,60,MM-qrs_60,60
MM-qrs,61,MM-qrs_61,61
MM-qrs,62,MM-qrs_62,62
MM-qrs,63,MM-qrs_63,63
MM-qrs,64,MM-qrs_64,64
MM-qrs,65,MM-qrs_65,65
MM-qrs,66,MM-qrs_66,66
MM-qrs,67,MM-qrs_67,67
MM-qrs,68,MM-qrs_68,68
MM-qrs,69,MM-qrs_69,69
MM-qrs,70,MM-qrs_70,70
MM-qrs,71,MM-qrs_71,71
MM-R,44,MM-R_44,44
MM-R,445,MM-R_445,445
MM-R,45,MM-R_45,45
MM-R,455,MM-R_455,455
MM-R,46,MM-R_46,46
MM-R,465,MM-R_465,465
MM-r,56,MM-r_56,56
MM-r,57,MM-r_57,57
MM-r,58,MM-r_58,58
MM-r,59,MM-r_59,59
MM-r,60,MM-r_60,60
MM-r,61,MM-r_61,61
MM-r,62,MM-r_62,62
MM-r,63,MM-r_63,63
MM-rs,56,MM-rs_56,56
MM-rs,57,MM-rs_57,57
MM-rs,58,MM-rs_58,58
MM-rs,59,MM-rs_59,59
MM-rs,60,MM-rs_60,60
MM-rs,61,MM-rs_61,61
MM-rs,62,MM-rs_62,62
MM-rs,63,MM-rs_63,63
MM-rs,64,MM-rs_64,64
MM-rs,65,MM-rs_65,65
MM-rs,66,MM-rs_66,66
MM-rs,67,MM-rs_67,67
MM-rs,68,MM-rs_68,68
MM-rs,69,MM-rs_69,69
MM-rs,70,MM-rs_70,70
MM-rs,71,MM-rs_71,71
MM-S,16,MM-S_16,16
MM-S,17,MM-S_17,17
MM-S,18,MM-S_18,18
MM-S,19,MM-S_19,19
MM-S,20,MM-S_20,20
MM-S,21,MM-S_21,21
MM-S,22,MM-S_22,22
MM-S,23,MM-S_23,23
MM-s,64,MM-s_64,64
MM-s,65,MM-s_65,65
MM-s,66,MM-s_66,66
MM-s,67,MM-s_67,67
MM-s,68,MM-s_68,68
MM-s,69,MM-s_69,69
MM-s,70,MM-s_70,70
MM-s,71,MM-s_71,71
MM-Sj,16,MM-Sj_16,16
MM-Sj,17,MM-Sj_17,17
MM-Sj,18,MM-Sj_18,18
MM-Sj,19,MM-Sj_19,19
MM-Sj,20,MM-Sj_20,20
MM-Sj,21,MM-Sj_21,21
MM-Sj,22,MM-Sj_22,22
MM-Sj,225,MM-Sj_225,225
MM-Sj,23,MM-Sj_23,23
MM-Sj,235,MM-Sj_235,235
MM-Sj,24,MM-Sj_24,24
MM-Sj,245,MM-Sj_245,245
MM-Sj,25,MM-Sj_25,25
MM-Sj,255,MM-Sj_255,255
MM-Sj,26,MM-Sj_26,26
MM-SP,16,MM-SP_16,16
MM-SP,17,MM-SP_17,17
MM-SP,18,MM-SP_18,18
MM-SP,19,MM-SP_19,19
MM-SP,20,MM-SP_20,20
MM-SP,21,MM-SP_21,21
MM-SP,22,MM-SP_22,22
MM-SP,23,MM-SP_23,23
MM-SP,24,MM-SP_24,24
MM-SP,25,MM-SP_25,25
MM-SP,26,MM-SP_26,26
MM-SP,27,MM-SP_27,27
MM-SP,28,MM-SP_28,28
MM-SP,29,MM-SP_29,29
MM-SP,30,MM-SP_30,30
MM-SP,31,MM-SP_31,31
MM-T,49,MM-T_49,49
MM-T,52,MM-T_52,52
MM-T,55,MM-T_55,55
MM-T,57,MM-T_57,57
MM-T,59,MM-T_59,59
MM-T,61,MM-T_61,61
MM-T,63,MM-T_63,63
MM-T,65,MM-T_65,65
MM-Tb,49,MM-Tb_49,49
MM-Tb,52,MM-Tb_52,52
MM-Tb,55,MM-Tb_55,55
MM-Tb,57,MM-Tb_57,57
MM-Tb,58,MM-Tb_58,58
MM-Tb,59,MM-Tb_59,59
MM-Tb,61,MM-Tb_61,61
MM-Tb,63,MM-Tb_63,63
MM-Tb,65,MM-Tb_65,65
MM-TY,49,MM-TY_49,49
MM-TY,52,MM-TY_52,52
MM-TY,55,MM-TY_55,55
MM-TY,56,MM-TY_56,56
MM-TY,57,MM-TY_57,57
MM-TY,58,MM-TY_58,58
MM-TY,59,MM-TY_59,59
MM-TY,60,MM-TY_60,60
MM-TY,61,MM-TY_61,61
MM-TY,62,MM-TY_62,62
MM-TY,63,MM-TY_63,63
MM-TY,65,MM-TY_65,65
MM-U,36,MM-U_36,36
MM-U,365,MM-U_365,365
MM-U,37,MM-U_37,37
MM-U,375,MM-U_375,375
MM-U,38,MM-U_38,38
MM-U,385,MM-U_385,385
MM-U,39,MM-U_39,39
MM-U,395,MM-U_395,395
MM-UE,00,MM-UE_00,0
MM-UE,05,MM-UE_05,5
MM-UE,36,MM-UE_36,36
MM-UE,365,MM-UE_365,365
MM-UE,37,MM-UE_37,37
MM-UE,375,MM-UE_375,375
MM-UE,38,MM-UE_38,38
MM-UE,385,MM-UE_385,385
MM-UE,39,MM-UE_39,39
MM-UE,395,MM-UE_395,395
MM-UE,70,MM-UE_70,70
MM-UE,75,MM-UE_75,75
MM-UE,80,MM-UE_80,80
MM-UE,85,MM-UE_85,85
MM-UE,90,MM-UE_90,90
MM-UE,95,MM-UE_95,95
MM-UH,1,MM-UH_1,1
MM-UH,2,MM-UH_2,2
MM-UH,3,MM-UH_3,3
MM-UH,35,MM-UH_35,35
MM-UH,355,MM-UH_355,355
MM-UH,36,MM-UH_36,36
MM-UH,365,MM-UH_365,365
MM-UH,37,MM-UH_37,37
MM-UH,375,MM-UH_375,375
MM-UH,38,MM-UH_38,38
MM-UH,385,MM-UH_385,385
MM-UH,39,MM-UH_39,39
MM-UH,395,MM-UH_395,395
MM-UH,4,MM-UH_4,4
MM-UH,5,MM-UH_5,5
MM-UH,6,MM-UH_6,6
MM-UL,36,MM-UL_36,36
MM-UL,365,MM-UL_365,365
MM-UL,37,MM-UL_37,37
MM-UL,375,MM-UL_375,375
MM-UL,38,MM-UL_38,38
MM-UL,385,MM-UL_385,385
MM-UL,39,MM-UL_39,39
MM-UL,395,MM-UL_395,395
MM-UL,40,MM-UL_40,40
MM-UL,41,MM-UL_41,41
MM-UL,42,MM-UL_42,42
MM-UL,43,MM-UL_43,43
MM-UL,44,MM-UL_44,44
MM-UL,45,MM-UL_45,45
MM-UL,46,MM-UL_46,46
MM-UM,36,MM-UM_36,36
MM-UM,365,MM-UM_365,365
MM-UM,37,MM-UM_37,37
MM-UM,375,MM-UM_375,375
MM-UM,38,MM-UM_38,38
MM-UM,385,MM-UM_385,385
MM-UM,39,MM-UM_39,39
MM-UM,395,MM-UM_395,395
MM-UM,40,MM-UM_40,40
MM-UM,405,MM-UM_405,405
MM-UM,41,MM-UM_41,41
MM-UM,415,MM-UM_415,415
MM-UM,42,MM-UM_42,42
MM-UM,425,MM-UM_425,425
MM-UM,43,MM-UM_43,43
MM-UM,435,MM-UM_435,435
MM-UMH,1,MM-UMH_1,1
MM-UMH,2,MM-UMH_2,2
MM-UMH,3,MM-UMH_3,3
MM-UMH,35,MM-UMH_35,35
MM-UMH,355,MM-UMH_355,355
MM-UMH,36,MM-UMH_36,36
MM-UMH,365,MM-UMH_365,365
MM-UMH,37,MM-UMH_37,37
MM-UMH,375,MM-UMH_375,375
MM-UMH,38,MM-UMH_38,38
MM-UMH,385,MM-UMH_385,385
MM-UMH,39,MM-UMH_39,39
MM-UMH,395,MM-UMH_395,395
MM-UMH,4,MM-UMH_4,4
MM-UMH,40,MM-UMH_40,40
MM-UMH,405,MM-UMH_405,405
MM-UMH,41,MM-UMH_41,41
MM-UMH,415,MM-UMH_415,415
MM-UMH,42,MM-UMH_42,42
MM-UMH,425,MM-UMH_425,425
MM-UMH,43,MM-UMH_43,43
MM-UMH,435,MM-UMH_435,435
MM-UMH,5,MM-UMH_5,5
MM-UMH,6,MM-UMH_6,6
MM-UMl,36,MM-UMl_36,36
MM-UML,36,MM-UML_36,36
MM-UMl,365,MM-UMl_365,365
MM-UML,365,MM-UML_365,365
MM-UMl,37,MM-UMl_37,37
MM-UML,37,MM-UML_37,37
MM-UMl,375,MM-UMl_375,375
MM-UML,375,MM-UML_375,375
MM-UMl,38,MM-UMl_38,38
MM-UML,38,MM-UML_38,38
MM-UMl,385,MM-UMl_385,385
MM-UML,385,MM-UML_385,385
MM-UMl,39,MM-UMl_39,39
MM-UML,39,MM-UML_39,39
MM-UMl,395,MM-UMl_395,395
MM-UML,395,MM-UML_395,395
MM-UMl,40,MM-UMl_40,40
MM-UML,40,MM-UML_40,40
MM-UMl,405,MM-UMl_405,405
MM-UML,405,MM-UML_405,405
MM-UMl,41,MM-UMl_41,41
MM-UML,41,MM-UML_41,41
MM-UMl,415,MM-UMl_415,415
MM-UML,415,MM-UML_415,415
MM-UMl,42,MM-UMl_42,42
MM-UML,42,MM-UML_42,42
MM-UMl,425,MM-UMl_425,425
MM-UML,425,MM-UML_425,425
MM-UMl,43,MM-UMl_43,43
MM-UML,43,MM-UML_43,43
MM-UMl,435,MM-UMl_435,435
MM-UML,435,MM-UML_435,435
MM-UMl,44,MM-UMl_44,44
MM-UML,44,MM-UML_44,44
MM-UMl,445,MM-UMl_445,445
MM-UMl,45,MM-UMl_45,45
MM-UML,45,MM-UML_45,45
MM-UMl,455,MM-UMl_455,455
MM-UMl,46,MM-UMl_46,46
MM-UML,46,MM-UML_46,46
MM-UMl,465,MM-UMl_465,465
MM-UMl,47,MM-UMl_47,47
MM-UMl,475,MM-UMl_475,475
MM-UMR,36,MM-UMR_36,36
MM-UMR,365,MM-UMR_365,365
MM-UMR,37,MM-UMR_37,37
MM-UMR,375,MM-UMR_375,375
MM-UMR,38,MM-UMR_38,38
MM-UMR,385,MM-UMR_385,385
MM-UMR,39,MM-UMR_39,39
MM-UMR,395,MM-UMR_395,395
MM-UMR,40,MM-UMR_40,40
MM-UMR,405,MM-UMR_405,405
MM-UMR,41,MM-UMR_41,41
MM-UMR,415,MM-UMR_415,415
MM-UMR,42,MM-UMR_42,42
MM-UMR,425,MM-UMR_425,425
MM-UMR,43,MM-UMR_43,43
MM-UMR,435,MM-UMR_435,435
MM-UMR,44,MM-UMR_44,44
MM-UMR,445,MM-UMR_445,445
MM-UMR,45,MM-UMR_45,45
MM-UMR,455,MM-UMR_455,455
MM-UMR,46,MM-UMR_46,46
MM-UMR,465,MM-UMR_465,465
MM-V,11,MM-V_11,11
MM-V,115,MM-V_115,115
MM-V,12,MM-V_12,12
MM-V,125,MM-V_125,125
MM-W,42,MM-W_42,42
MM-W,44,MM-W_44,44
MM-W,46,MM-W_46,46
MM-W,48,MM-W_48,48
MM-W,50,MM-W_50,50
MM-W,52,MM-W_52,52
MM-W,54,MM-W_54,54
MM-W,56,MM-W_56,56
MM-w,58,MM-w_58,58
MM-w,60,MM-w_60,60
MM-w,62,MM-w_62,62
MM-w,64,MM-w_64,64
MM-w,66,MM-w_66,66
MM-w,68,MM-w_68,68
MM-w,70,MM-w_70,70
MM-w,72,MM-w_72,72
MM-Wb,42,MM-Wb_42,42
MM-Wb,44,MM-Wb_44,44
MM-Wb,46,MM-Wb_46,46
MM-Wb,48,MM-Wb_48,48
MM-Wb,50,MM-Wb_50,50
MM-Wb,52,MM-Wb_52,52
MM-Wb,54,MM-Wb_54,54
MM-Wb,56,MM-Wb_56,56
MM-Wb,58,MM-Wb_58,58
MM-Ww,42,MM-Ww_42,42
MM-Ww,44,MM-Ww_44,44
MM-Ww,46,MM-Ww_46,46
MM-Ww,48,MM-Ww_48,48
MM-Ww,50,MM-Ww_50,50
MM-Ww,52,MM-Ww_52,52
MM-Ww,54,MM-Ww_54,54
MM-Ww,56,MM-Ww_56,56
MM-Ww,58,MM-Ww_58,58
MM-Ww,60,MM-Ww_60,60
MM-Ww,62,MM-Ww_62,62
MM-Ww,64,MM-Ww_64,64
MM-Ww,66,MM-Ww_66,66
MM-Ww,68,MM-Ww_68,68
MM-Ww,70,MM-Ww_70,70
MM-Ww,72,MM-Ww_72,72
MM-WY,42,MM-WY_42,42
MM-WY,44,MM-WY_44,44
MM-WY,46,MM-WY_46,46
MM-WY,48,MM-WY_48,48
MM-WY,50,MM-WY_50,50
MM-WY,52,MM-WY_52,52
MM-WY,54,MM-WY_54,54
MM-WY,55,MM-WY_55,55
MM-WY,56,MM-WY_56,56
MM-WY,57,MM-WY_57,57
MM-WY,58,MM-WY_58,58
MM-WY,59,MM-WY_59,59
MM-WY,60,MM-WY_60,60
MM-WY,61,MM-WY_61,61
MM-WY,62,MM-WY_62,62
MM-X,10,MM-X_10,10
MM-X,11,MM-X_11,11
MM-X,12,MM-X_12,12
MM-X,13,MM-X_13,13
MM-X,14,MM-X_14,14
MM-X,15,MM-X_15,15
MM-X,16,MM-X_16,16
MM-X,9,MM-X_9,9
MM-XS,10,MM-XS_10,10
MM-XS,11,MM-XS_11,11
MM-XS,12,MM-XS_12,12
MM-XS,13,MM-XS_13,13
MM-XS,14,MM-XS_14,14
MM-XS,15,MM-XS_15,15
MM-XS,16,MM-XS_16,16
MM-XS,17,MM-XS_17,17
MM-XS,18,MM-XS_18,18
MM-XS,19,MM-XS_19,19
MM-XS,20,MM-XS_20,20
MM-XS,21,MM-XS_21,21
MM-XS,22,MM-XS_22,22
MM-XS,23,MM-XS_23,23
MM-XS,9,MM-XS_9,9
MM-Y,55,MM-Y_55,55
MM-Y,56,MM-Y_56,56
MM-Y,57,MM-Y_57,57
MM-Y,58,MM-Y_58,58
MM-Y,59,MM-Y_59,59
MM-Y,60,MM-Y_60,60
MM-Y,61,MM-Y_61,61
MM-Y,62,MM-Y_62,62
MM-YT,49,MM-YT_49,49
MM-YT,52,MM-YT_52,52
MM-YT,55,MM-YT_55,55
MM-YT,56,MM-YT_56,56
MM-YT,57,MM-YT_57,57
MM-YT,58,MM-YT_58,58
MM-YT,59,MM-YT_59,59
MM-YT,60,MM-YT_60,60
MM-YT,61,MM-YT_61,61
MM-YT,62,MM-YT_62,62
MM-YT,63,MM-YT_63,63
MM-YT,65,MM-YT_65,65
MM-Z,30,MM-Z_30,30
MM-Z,32,MM-Z_32,32
MM-Z,34,MM-Z_34,34
MM-Z,55,MM-Z_55,55
MM-Z,60,MM-Z_60,60
MM-Z,65,MM-Z_65,65
MM-Z,70,MM-Z_70,70
MM-Z,75,MM-Z_75,75
MM-ZE,00,MM-ZE_00,0
MM-ZE,05,MM-ZE_05,5
MM-ZE,30,MM-ZE_30,30
MM-ZE,32,MM-ZE_32,32
MM-ZE,34,MM-ZE_34,34
MM-ZE,55,MM-ZE_55,55
MM-ZE,60,MM-ZE_60,60
MM-ZE,65,MM-ZE_65,65
MM-ZE,70,MM-ZE_70,70
MM-ZE,75,MM-ZE_75,75
MM-ZE,80,MM-ZE_80,80
MM-ZE,85,MM-ZE_85,85
MM-ZE,90,MM-ZE_90,90
MM-ZE,95,MM-ZE_95,95
Pantalons FRANCE,FR 36,Pantalons FRANCE_FR 36,36
Pantalons FRANCE,FR 38,Pantalons FRANCE_FR 38,38
Pantalons FRANCE,FR 40,Pantalons FRANCE_FR 40,40
Pantalons FRANCE,FR 42,Pantalons FRANCE_FR 42,42
Pantalons FRANCE,FR 44,Pantalons FRANCE_FR 44,44
Pantalons FRANCE,FR 46,Pantalons FRANCE_FR 46,46
Pantalons FRANCE,FR 48,Pantalons FRANCE_FR 48,48
Pantalons FRANCE,FR 50,Pantalons FRANCE_FR 50,50
Pantalons ITALIE,IT 42,Pantalons ITALIE_IT 42,42
Pantalons ITALIE,IT 44,Pantalons ITALIE_IT 44,44
Pantalons ITALIE,IT 46,Pantalons ITALIE_IT 46,46
Pantalons ITALIE,IT 48,Pantalons ITALIE_IT 48,48
Pantalons ITALIE,IT 50,Pantalons ITALIE_IT 50,50
Pantalons ITALIE,IT 52,Pantalons ITALIE_IT 52,52
Pantalons ITALIE,IT 54,Pantalons ITALIE_IT 54,54
Pantalons ITALIE,IT 56,Pantalons ITALIE_IT 56,56
Soutiens-gorge,85A,Soutiens-gorge_85A,85
Soutiens-gorge,85B,Soutiens-gorge_85B,85
Soutiens-gorge,85C,Soutiens-gorge_85C,85
Soutiens-gorge,85D,Soutiens-gorge_85D,85
Soutiens-gorge,90A,Soutiens-gorge_90A,90
Soutiens-gorge,90B,Soutiens-gorge_90B,90
Soutiens-gorge,90C,Soutiens-gorge_90C,90
Soutiens-gorge,90D,Soutiens-gorge_90D,90
Soutiens-gorge,95A,Soutiens-gorge_95A,95
Soutiens-gorge,95B,Soutiens-gorge_95B,95
Soutiens-gorge,95C,Soutiens-gorge_95C,95
Soutiens-gorge,95D,Soutiens-gorge_95D,95
Taille Unique,TU,Taille Unique_TU,TU
Vêtements AUSTRALIE,AU 10,Vêtements AUSTRALIE_AU 10,10
Vêtements AUSTRALIE,AU 12,Vêtements AUSTRALIE_AU 12,12
Vêtements AUSTRALIE,AU 14,Vêtements AUSTRALIE_AU 14,14
Vêtements AUSTRALIE,AU 16,Vêtements AUSTRALIE_AU 16,16
Vêtements AUSTRALIE,AU 18,Vêtements AUSTRALIE_AU 18,18
Vêtements AUSTRALIE,AU 20,Vêtements AUSTRALIE_AU 20,20
Vêtements AUSTRALIE,AU 22,Vêtements AUSTRALIE_AU 22,22
Vêtements AUSTRALIE,AU 4,Vêtements AUSTRALIE_AU 4,4
Vêtements AUSTRALIE,AU 6,Vêtements AUSTRALIE_AU 6,6
Vêtements AUSTRALIE,AU 8,Vêtements AUSTRALIE_AU 8,8
Vêtements BRÉSIL,BR 34,Vêtements BRÉSIL_BR 34,34
Vêtements BRÉSIL,BR 36,Vêtements BRÉSIL_BR 36,36
Vêtements BRÉSIL,BR 38,Vêtements BRÉSIL_BR 38,38
Vêtements BRÉSIL,BR 40,Vêtements BRÉSIL_BR 40,40
Vêtements BRÉSIL,BR 42,Vêtements BRÉSIL_BR 42,42
Vêtements BRÉSIL,BR 44,Vêtements BRÉSIL_BR 44,44
Vêtements BRÉSIL,BR 46,Vêtements BRÉSIL_BR 46,46
Vêtements BRÉSIL,BR 48,Vêtements BRÉSIL_BR 48,48
Vêtements BRÉSIL,BR 50,Vêtements BRÉSIL_BR 50,50
Vêtements BRÉSIL,BR 52,Vêtements BRÉSIL_BR 52,52
Vêtements CHINE,CHN 145/73A,Vêtements CHINE_CHN 145/73A,
Vêtements CHINE,CHN 150/76A,Vêtements CHINE_CHN 150/76A,
Vêtements CHINE,CHN 155/80A,Vêtements CHINE_CHN 155/80A,
Vêtements CHINE,CHN 160/84A,Vêtements CHINE_CHN 160/84A,
Vêtements CHINE,CHN 165/88A,Vêtements CHINE_CHN 165/88A,
Vêtements CHINE,CHN 170/92A,Vêtements CHINE_CHN 170/92A,
Vêtements CHINE,CHN 175/96A,Vêtements CHINE_CHN 175/96A,
Vêtements CHINE,CHN 180/100A,Vêtements CHINE_CHN 180/100A,
Vêtements CHINE,CHN 185/104A,Vêtements CHINE_CHN 185/104A,
Vêtements CHINE,CHN 190/108A,Vêtements CHINE_CHN 190/108A,
Vêtements DANEMARK,DE 30,Vêtements DANEMARK_DE 30,30
Vêtements DANEMARK,DE 32,Vêtements DANEMARK_DE 32,32
Vêtements DANEMARK,DE 34,Vêtements DANEMARK_DE 34,34
Vêtements DANEMARK,DE 36,Vêtements DANEMARK_DE 36,36
Vêtements DANEMARK,DE 38,Vêtements DANEMARK_DE 38,38
Vêtements DANEMARK,DE 40,Vêtements DANEMARK_DE 40,40
Vêtements DANEMARK,DE 42,Vêtements DANEMARK_DE 42,42
Vêtements DANEMARK,DE 44,Vêtements DANEMARK_DE 44,44
Vêtements DANEMARK,DE 46,Vêtements DANEMARK_DE 46,46
Vêtements DANEMARK,DE 48,Vêtements DANEMARK_DE 48,48
Vêtements FRANCE Femme,FR 32,Vêtements FRANCE Femme_FR 32,32
Vêtements FRANCE Femme,FR 34,Vêtements FRANCE Femme_FR 34,34
Vêtements FRANCE Femme,FR 36,Vêtements FRANCE Femme_FR 36,36
Vêtements FRANCE Femme,FR 38,Vêtements FRANCE Femme_FR 38,38
Vêtements FRANCE Femme,FR 40,Vêtements FRANCE Femme_FR 40,40
Vêtements FRANCE Femme,FR 42,Vêtements FRANCE Femme_FR 42,42
Vêtements FRANCE Femme,FR 44,Vêtements FRANCE Femme_FR 44,44
Vêtements FRANCE Femme,FR 46,Vêtements FRANCE Femme_FR 46,46
Vêtements FRANCE Femme,FR 48,Vêtements FRANCE Femme_FR 48,48
Vêtements FRANCE/ITALIE Homme,FR/IT 44,Vêtements FRANCE/ITALIE Homme_FR/IT 44,44
Vêtements FRANCE/ITALIE Homme,FR/IT 46,Vêtements FRANCE/ITALIE Homme_FR/IT 46,46
Vêtements FRANCE/ITALIE Homme,FR/IT 48,Vêtements FRANCE/ITALIE Homme_FR/IT 48,48
Vêtements FRANCE/ITALIE Homme,FR/IT 50,Vêtements FRANCE/ITALIE Homme_FR/IT 50,50
Vêtements FRANCE/ITALIE Homme,FR/IT 52,Vêtements FRANCE/ITALIE Homme_FR/IT 52,52
Vêtements FRANCE/ITALIE Homme,FR/IT 54,Vêtements FRANCE/ITALIE Homme_FR/IT 54,54
Vêtements FRANCE/ITALIE Homme,FR/IT 56,Vêtements FRANCE/ITALIE Homme_FR/IT 56,56
Vêtements FRANCE/ITALIE Homme,FR/IT 58,Vêtements FRANCE/ITALIE Homme_FR/IT 58,58
Vêtements ITALIE Femme,IT 36,Vêtements ITALIE Femme_IT 36,36
Vêtements ITALIE Femme,IT 38,Vêtements ITALIE Femme_IT 38,38
Vêtements ITALIE Femme,IT 40,Vêtements ITALIE Femme_IT 40,40
Vêtements ITALIE Femme,IT 42,Vêtements ITALIE Femme_IT 42,42
Vêtements ITALIE Femme,IT 44,Vêtements ITALIE Femme_IT 44,44
Vêtements ITALIE Femme,IT 46,Vêtements ITALIE Femme_IT 46,46
Vêtements ITALIE Femme,IT 48,Vêtements ITALIE Femme_IT 48,48
Vêtements ITALIE Femme,IT 50,Vêtements ITALIE Femme_IT 50,50
Vêtements ITALIE Femme,IT 52,Vêtements ITALIE Femme_IT 52,52
Vêtements JAPON,JP 0,Vêtements JAPON_JP 0,0
Vêtements JAPON,JP 00,Vêtements JAPON_JP 00,00
Vêtements JAPON,JP 1,Vêtements JAPON_JP 1,1
Vêtements JAPON,JP 2,Vêtements JAPON_JP 2,2
Vêtements JAPON,JP 3,Vêtements JAPON_JP 3,3
Vêtements JAPON,JP 4,Vêtements JAPON_JP 4,4
Vêtements JAPON,JP 5,Vêtements JAPON_JP 5,5
Vêtements JAPON,JP 6,Vêtements JAPON_JP 6,6
Vêtements JAPON,JP 7,Vêtements JAPON_JP 7,7
Vêtements JAPON,JP 8,Vêtements JAPON_JP 8,8
Vêtements RUSSIE,RU 38,Vêtements RUSSIE_RU 38,38
Vêtements RUSSIE,RU 40,Vêtements RUSSIE_RU 40,40
Vêtements RUSSIE,RU 42,Vêtements RUSSIE_RU 42,42
Vêtements RUSSIE,RU 44,Vêtements RUSSIE_RU 44,44
Vêtements RUSSIE,RU 46,Vêtements RUSSIE_RU 46,46
Vêtements RUSSIE,RU 48,Vêtements RUSSIE_RU 48,48
Vêtements RUSSIE,RU 50,Vêtements RUSSIE_RU 50,50
Vêtements RUSSIE,RU 52,Vêtements RUSSIE_RU 52,52
Vêtements RUSSIE,RU 54,Vêtements RUSSIE_RU 54,54
Vêtements RUSSIE,RU 56,Vêtements RUSSIE_RU 56,56
Vêtements RUSSIE,RU 58,Vêtements RUSSIE_RU 58,58
Vêtements STANDARD Numerique,0,Vêtements STANDARD Numerique_0,0
Vêtements STANDARD Numerique,00,Vêtements STANDARD Numerique_00,00
Vêtements STANDARD Numerique,000,Vêtements STANDARD Numerique_000,000
Vêtements STANDARD Numerique,1/I,Vêtements STANDARD Numerique_1/I,1
Vêtements STANDARD Numerique,2/II,Vêtements STANDARD Numerique_2/II,2
Vêtements STANDARD Numerique,3/III,Vêtements STANDARD Numerique_3/III,3
Vêtements STANDARD Numerique,4/IV,Vêtements STANDARD Numerique_4/IV,4
Vêtements STANDARD Numerique,5/V,Vêtements STANDARD Numerique_5/V,5
Vêtements STANDARD Numerique,6/VI,Vêtements STANDARD Numerique_6/VI,6
Vêtements STANDARD Numerique,7/VII,Vêtements STANDARD Numerique_7/VII,7
Vêtements STANDARD,XXXS,Vêtements STANDARD_XXXS,XXXS
Vêtements STANDARD,XXS,Vêtements STANDARD_XXS,XXS
Vêtements STANDARD,XS,Vêtements STANDARD_XS,XS
Vêtements STANDARD,S,Vêtements STANDARD_S,S
Vêtements STANDARD,M,Vêtements STANDARD_M,M
Vêtements STANDARD,L,Vêtements STANDARD_L,L
Vêtements STANDARD,XL,Vêtements STANDARD_XL,XL
Vêtements STANDARD,XXL,Vêtements STANDARD_XXL,XXL
Vêtements STANDARD,XXXL,Vêtements STANDARD_XXXL,XXXL
Vêtements STANDARD,XXXXL,Vêtements STANDARD_XXXXL,XXXXL
Vêtements ROYAUME-UNI,UK 10,Vêtements ROYAUME-UNI_UK 10,10
Vêtements ROYAUME-UNI,UK 12,Vêtements ROYAUME-UNI_UK 12,12
Vêtements ROYAUME-UNI,UK 14,Vêtements ROYAUME-UNI_UK 14,14
Vêtements ROYAUME-UNI,UK 16,Vêtements ROYAUME-UNI_UK 16,16
Vêtements ROYAUME-UNI,UK 18,Vêtements ROYAUME-UNI_UK 18,18
Vêtements ROYAUME-UNI,UK 20,Vêtements ROYAUME-UNI_UK 20,20
Vêtements ROYAUME-UNI,UK 22,Vêtements ROYAUME-UNI_UK 22,22
Vêtements ROYAUME-UNI,UK 4,Vêtements ROYAUME-UNI_UK 4,4
Vêtements ROYAUME-UNI,UK 6,Vêtements ROYAUME-UNI_UK 6,6
Vêtements ROYAUME-UNI,UK 8,Vêtements ROYAUME-UNI_UK 8,8
Vêtements ÉTATS-UNIS,US 0,Vêtements ÉTATS-UNIS_US 0,0
Vêtements ÉTATS-UNIS,US 10,Vêtements ÉTATS-UNIS_US 10,10
Vêtements ÉTATS-UNIS,US 12,Vêtements ÉTATS-UNIS_US 12,12
Vêtements ÉTATS-UNIS,US 14,Vêtements ÉTATS-UNIS_US 14,14
Vêtements ÉTATS-UNIS,US 16,Vêtements ÉTATS-UNIS_US 16,16
Vêtements ÉTATS-UNIS,US 18,Vêtements ÉTATS-UNIS_US 18,18
Vêtements ÉTATS-UNIS,US 2,Vêtements ÉTATS-UNIS_US 2,2
Vêtements ÉTATS-UNIS,US 4,Vêtements ÉTATS-UNIS_US 4,4
Vêtements ÉTATS-UNIS,US 6,Vêtements ÉTATS-UNIS_US 6,6
Vêtements ÉTATS-UNIS,US 8,Vêtements ÉTATS-UNIS_US 8,8
Chaussettes STANDARD Numerique,0,Chaussettes STANDARD 0,0
Chaussettes STANDARD Numerique,00,Chaussettes STANDARD 00,00
Chaussettes STANDARD Numerique,000,Chaussettes STANDARD 000,0000
Chaussettes STANDARD Numerique,1/I,Chaussettes STANDARD 1/I,1
Chaussettes STANDARD Numerique,2/II,Chaussettes STANDARD 2/II,2
Chaussettes STANDARD Numerique,3/III,Chaussettes STANDARD 3/III,3
Chaussettes STANDARD Numerique,4/IV,Chaussettes STANDARD 4/IV,4
Chaussettes STANDARD Numerique,5/V,Chaussettes STANDARD 5/V,5
Chaussettes STANDARD Numerique,6/VI,Chaussettes STANDARD 6/VI,6
Chaussettes STANDARD Numerique,7/VII,Chaussettes STANDARD 7/VII,7
Bracelets NUMERIQUE,0,Bracelets NUMERIQUE_0,0
Bracelets NUMERIQUE,1,Bracelets NUMERIQUE_1,1
Bracelets NUMERIQUE,2,Bracelets NUMERIQUE_2,2
Bracelets NUMERIQUE,3,Bracelets NUMERIQUE_3,3
Bracelets NUMERIQUE,4,Bracelets NUMERIQUE_4,4
Bracelets NUMERIQUE,5,Bracelets NUMERIQUE_5,5
Bracelets NUMERIQUE,6,Bracelets NUMERIQUE_6,6
Bracelets NUMERIQUE,7,Bracelets NUMERIQUE_7,7
Bracelets NUMERIQUE,8,Bracelets NUMERIQUE_8,8
Bracelets NUMERIQUE,9,Bracelets NUMERIQUE_9,9
Chemises COL US,COL 15,Chemises COL_COL 15,15
Chemises COL US,COL 16,Chemises COL_COL 16,16
Chemises COL US,COL 17,Chemises COL_COL 17,17
Chemises COL US,COL 18,Chemises COL_COL 18,18
Chemises COL US,COL 19,Chemises COL_COL 19,19
Chemises COL US,COL 20,Chemises COL_COL 20,20
Chemises COL US,COL 21,Chemises COL_COL 21,21
Chemises COL US,COL 22,Chemises COL_COL 22,22