code fournisseur;nom du fournisseur
1591;11 BY BORIS BIDJAN S
1999;69 BY ISAAC SELLAM
1843;A COLD WALL
1722;A LAB ON FIRE
1910;A TENTATIVE ATELIER
1793;AALTO
1651;AFRODITI HERA
1445;AGANOVICH
610;AGNONA
1935;AHIRAIN
1692;AJMONE
1303;AKILLIS
1505;ALEX PERRY
1350;ALEXANDER MAC QUEEN
1921;ALYX
1916;AMBIENTEC
1932;AMBUSH
89;ANN DEMEULEMEESTER
482;ANN DEMEULEMEESTER
1928;ANNA TORFS
868;ASSOULINE
1976;ATELIER SERPI
1729;ATTACHMENT
939;AVANT TOI
108;BALENCIAGA
203;BALENCIAGA
109;BALENCIAGA
198;BALMAIN
515;BALMAIN
1981;BENEDICTE VALLET
341;BORIS BIDJAN SABERI
1742;BOTH
216;BY WALID
1948;CALI
1951;CANADA GOOSE X JUNNJ
1671;CARLO MORETTI
519;CAROL CHRISTIAN POEL
666;CAROL CHRISTIAN POEL
1317;CASTELLO DI LUZZANO
528;CELINE
1645;CHEREVICHKIOTVICHKI
54;CHLOE
82;CHLOE
1855;CHLOE EYEWEAR
426;COMME DES COMME DES
396;COMME DES GARCONS
371;COMME DES GARCONS
401;COMME DES GARCONS
1719;COMME DES PLAY
1324;CORNELIAN TAURUS
1577;CRAIG GREEN
1809;DELADA
1740;DOM REBEL
372;DRIES VAN NOTEN
225;DRIES VAN NOTEN
657;DRIES VAN NOTEN
69;DRKSHDW
1994;DRKSHDW X CONVERSE
856;DROME
1656;ELENA DAWSON
1949;ELHANATI
1862;ELINA LINARDAKI
1804;FACETASM
1931;FACETASM X COCA COLA
1125;FAITH CONNEXION
1557;FAITH CONNEXION MENS
728;FALIERO SARTI
1930;FEDELI
752;FENDI BAGAGES FEMME
747;FENDI CHAUSSURES F
1531;FENDI FEMME
744;FENDI HOMME
1965;FLEET ILYA
242;FORNASETTI
1884;FREI MUT
1956;FRENCHFARM
1979;FRENCKENBERGER
1697;GANRYU
1817;GEOFFREY B.SMALL
1998;GINORI 1735
875;GIORGIO BRATO
1665;GLAS
1741;GRACE WALES BONNER
1349;GREG LAUREN
1678;GRIFFE
1968;GRON
1700;GUCCI FEMME
1699;GUCCI HOMME
1995;GUDE DIE MESSER
128;GUIDI
436;HAIDER ACKERMAN
1644;HAKUSAN
1341;HAPTER
1959;HARRISON WONG
1971;HERB ESSENTIALS
338;HERNO
1082;HERNO
1412;HORISAKI
1964;HORISAKI & HANDEL
1943;HYEIN SEO
1821;IH NOM UH NIT
1851;IIUVO
593;ILARIA NISTRI
984;ISAAC SELLAM
282;ISSEY MIYAKE FEMME
427;ISSEY MIYAKE HOMME
1703;J.M. RIBOT
1870;J.W.ANDERSON
1555;JACQUES MARIE MAGE
545;JIL SANDER ACCES
516;JIL SANDER FEMME
538;JIL SANDER HOMME
2007;JOEL MANK
1801;JOHN
1880;JOHN A.SKELTON
1893;JORDANLUCA
2006;JULIA MUNOZ
801;JUNYA WATANABE
423;JUNYA WATANABE
349;JUUN J
1799;KANGHYUK
1794;KOCHE
1989;KSUBI
1955;KSUBI X HIDJI
1253;KUBORAUM
1052;LAYER-0
1840;LE KASHA
1839;LEON EMANUEL BLANCK
1008;LIAPULL AVANT TOI
916;LINDA FARROW
1625;LITKOVSKAYA
1681;L'OREE DU CADRE
1974;LUCENT BOTANICALS
1055;MAD ET LEN
1933;MADE ON GRAND
300;MAISON RABIH KAYROUZ
711;MAISON ULLENS
1834;MARC JACQUES BURTON
1963;MARC LE BIHAN
1560;MARGIELA AVP FEMME
1558;MARGIELA AVP HOMME
291;MARGIELA FEMME
446;MARGIELA HOMME
1561;MARGIELA MAIN FEMME
1559;MARGIELA MAIN HOMME
1735;MARGIELA PARFUMS
1967;MARINE SERRE
906;MARSELL FEMME
905;MARSELL HOMME
674;MARTIN MARGIELA
1564;MASNADA FEMME
1360;MASNADA HOMME
1785;MATSUDA
1942;MELITTA BAUMEISTER
1543;MEO FUSCIUNI
1744;MIAORAN
1990;MIHARA GENERAL SCALE
164;MIHARA YASUHIRO HOMM
180;MONCLER
1939;MONCLER G X RQ
1129;MONCLER HOMME
1987;MONCLER X RICK OWENS
1938;MONCLER.G X ALYX
1749;MONSE
1524;MOOHONG
1966;NANUSHKA
1509;NASOMATTO
1883;NATASHA ZINKO
663;NEIL BARRET
1767;NIKE X COMME DES GARCONS
207;NUMERO 10
678;OFFICINE CREATIVE
1881;OFF-WHITE
1991;OHTOP
1969;OLISTIC
1443;ORTO PARISI
236;OSCAR DE LA RENTA
793;PAUL HARNDEN
817;PAUL HARNDEN
1894;PAUL POIRET
2001;PETER DO
1787;PHAEDO
1686;PIERRE BONNEFILLE
1925;PIERRE JEANNERET
166;PIERRE LOUIS MASCIA
2005;POLIROCK
1800;PREEN
477;PREMIATA HOMME
1926;PROJEKT PRODUKT
1844;QUETSCHE
1950;R13
260;RAJESHPRATAPSINGH
1927;REVEL PARIS
922;RICK OWENS
921;RICK OWENS
1788;ROKH
886;ROSA MARIA
169;SACAI
1278;SAINT LAURENT F
1279;SAINT LAURENT H
1888;SARA LANZI
1574;SENER BESIM
2003;SERAX
1960;SERAX ANN
1792;SHIRO SAKAI
1922;SIES MARJAN
692;SILVANO SASSETTI
1917;SIMONE ROCHA
1920;SOFIE D'HOORE
1962;SOFIE D'HOORE
1704;SONG FOR THE MUTE
960;SPRUNG FRERE
1786;STELLA MC CARTNEY
1961;STEPHEN VENEZIA
1192;SUZUSAN
1918;TEXAS ROBOT
1911;THE HARMONIST
1867;THE ROW
1368;THE SOLOIST
1970;THEBE MAGUGU
1980;THERABODY
1266;THOM BROWNE
1087;THOM BROWNE
419;TOBIAS WISTISEN
1654;TOOGOOD
1973;TRANSISTOR
1802;TUINCH
952;UGO CACCIATORI
1228;UMA WANG
860;UNDERCOVER
861;UNDERCOVER
2000;UNDERCOVER X GUIDI
1941;UNDERCOVER/VALENTINO
1934;UNDERCOVERXDRMARTENS
1022;UNITED PERFUMES
1613;VAVA EYEWEAR
1716;VERA WANG
1277;WARM ME
424;WEAVE TOSHI CA4LA
947;WERKSTATT:MUNCHEN
1919;WHITE
1904;WONS MOUS
1159;Y PROJECT
1988;Y PROJECT X CANADA G
1915;YESEY
648;YOHJI FEMME
619;YOHJI YAMAMOTO
1563;YOHJI YAMAMOTO+NOIR
1986;YOUSER
1529;ZIGGY CHEN
1841;ZIMMERMANN
